<chart caption='Business Results 2005 v 2006' xAxisName='Month' yAxisName='Revenue' showValues= '0'numberPrefix='$'>

   <categories>
      <category label='Jan' />
      <category label='Feb' />
      <category label='Mar' />
      <category label='Apr' />
      <category label='May' />
      <category label='Jun' />
      <category label='Jul' />
      <category label='Aug' />
      <category label='Sep' />
      <category label='Oct' />
      <category label='Nov' />
      <category label='Dec' />
   </categories>

   <dataset seriesName='2006'>
      <set value='27400' />
      <set value='29800'/>
      <set value='25800' />
      <set value='26800' />
      <set value='29600' />
      <set value='32600' />
      <set value='31800' />
      <set value='36700' />
      <set value='29700' />
      <set value='31900' />
      <set value='34800' />
      <set value='24800' />
   </dataset>

   <dataset seriesName='2005'>
      <set value='10000'/>
      <set value='11500'/>
      <set value='12500'/>
      <set value='15000'/>
      <set value='11000' />
      <set value='9800' />
      <set value='11800' />
      <set value='19700' />
      <set value='21700' />
      <set value='21900' />
      <set value='22900' />
      <set value='20800' />
   </dataset>
      <dataset seriesName='Quantity' parentYAxis='S'>
      <set value='340' />
      <set value='120' />
      <set value='280' />
      <set value='270' />
      <set value='430' />
      <set value='240' />
      <set value='230' />
      <set value='310' />
      <set value='430' />
      <set value='180' />
      <set value='260' />
      <set value='200' />
   </dataset>
</chart>

