﻿<?xml version="1.0" encoding="utf-8"?>
<doc>
  <assembly>
    <name>System.Web.Razor</name>
  </assembly>
  <members>
    <member name="T:System.Web.Razor.CSharpRazorCodeLanguage"></member>
    <member name="M:System.Web.Razor.CSharpRazorCodeLanguage.#ctor"></member>
    <member name="P:System.Web.Razor.CSharpRazorCodeLanguage.CodeDomProviderType"></member>
    <member name="M:System.Web.Razor.CSharpRazorCodeLanguage.CreateCodeGenerator(System.String,System.String,System.String,System.Web.Razor.RazorEngineHost)"></member>
    <member name="M:System.Web.Razor.CSharpRazorCodeLanguage.CreateCodeParser"></member>
    <member name="P:System.Web.Razor.CSharpRazorCodeLanguage.LanguageName"></member>
    <member name="T:System.Web.Razor.DocumentParseCompleteEventArgs"></member>
    <member name="M:System.Web.Razor.DocumentParseCompleteEventArgs.#ctor"></member>
    <member name="P:System.Web.Razor.DocumentParseCompleteEventArgs.GeneratorResults"></member>
    <member name="P:System.Web.Razor.DocumentParseCompleteEventArgs.SourceChange"></member>
    <member name="P:System.Web.Razor.DocumentParseCompleteEventArgs.TreeStructureChanged"></member>
    <member name="T:System.Web.Razor.GeneratorResults"></member>
    <member name="M:System.Web.Razor.GeneratorResults.#ctor(System.Boolean,System.Web.Razor.Parser.SyntaxTree.Block,System.Collections.Generic.IList{System.Web.Razor.Parser.SyntaxTree.RazorError},System.CodeDom.CodeCompileUnit,System.Collections.Generic.IDictionary{System.Int32,System.Web.Razor.Generator.GeneratedCodeMapping})"></member>
    <member name="M:System.Web.Razor.GeneratorResults.#ctor(System.Web.Razor.Parser.SyntaxTree.Block,System.Collections.Generic.IList{System.Web.Razor.Parser.SyntaxTree.RazorError},System.CodeDom.CodeCompileUnit,System.Collections.Generic.IDictionary{System.Int32,System.Web.Razor.Generator.GeneratedCodeMapping})"></member>
    <member name="M:System.Web.Razor.GeneratorResults.#ctor(System.Web.Razor.ParserResults,System.CodeDom.CodeCompileUnit,System.Collections.Generic.IDictionary{System.Int32,System.Web.Razor.Generator.GeneratedCodeMapping})"></member>
    <member name="P:System.Web.Razor.GeneratorResults.DesignTimeLineMappings"></member>
    <member name="P:System.Web.Razor.GeneratorResults.GeneratedCode"></member>
    <member name="T:System.Web.Razor.ParserResults"></member>
    <member name="M:System.Web.Razor.ParserResults.#ctor(System.Boolean,System.Web.Razor.Parser.SyntaxTree.Block,System.Collections.Generic.IList{System.Web.Razor.Parser.SyntaxTree.RazorError})"></member>
    <member name="M:System.Web.Razor.ParserResults.#ctor(System.Web.Razor.Parser.SyntaxTree.Block,System.Collections.Generic.IList{System.Web.Razor.Parser.SyntaxTree.RazorError})"></member>
    <member name="P:System.Web.Razor.ParserResults.Document"></member>
    <member name="P:System.Web.Razor.ParserResults.ParserErrors"></member>
    <member name="P:System.Web.Razor.ParserResults.Success"></member>
    <member name="T:System.Web.Razor.PartialParseResult"></member>
    <member name="F:System.Web.Razor.PartialParseResult.Rejected">
      <summary />
    </member>
    <member name="F:System.Web.Razor.PartialParseResult.Accepted">
      <summary />
    </member>
    <member name="F:System.Web.Razor.PartialParseResult.Provisional">
      <summary />
    </member>
    <member name="F:System.Web.Razor.PartialParseResult.SpanContextChanged">
      <summary />
    </member>
    <member name="F:System.Web.Razor.PartialParseResult.AutoCompleteBlock">
      <summary />
    </member>
    <member name="T:System.Web.Razor.RazorCodeLanguage"></member>
    <member name="M:System.Web.Razor.RazorCodeLanguage.#ctor"></member>
    <member name="P:System.Web.Razor.RazorCodeLanguage.CodeDomProviderType"></member>
    <member name="M:System.Web.Razor.RazorCodeLanguage.CreateCodeGenerator(System.String,System.String,System.String,System.Web.Razor.RazorEngineHost)"></member>
    <member name="M:System.Web.Razor.RazorCodeLanguage.CreateCodeParser"></member>
    <member name="M:System.Web.Razor.RazorCodeLanguage.GetLanguageByExtension(System.String)"></member>
    <member name="P:System.Web.Razor.RazorCodeLanguage.LanguageName"></member>
    <member name="P:System.Web.Razor.RazorCodeLanguage.Languages"></member>
    <member name="T:System.Web.Razor.RazorEditorParser"></member>
    <member name="M:System.Web.Razor.RazorEditorParser.#ctor(System.Web.Razor.RazorEngineHost,System.String)"></member>
    <member name="M:System.Web.Razor.RazorEditorParser.CheckForStructureChanges(System.Web.Razor.Text.TextChange)"></member>
    <member name="P:System.Web.Razor.RazorEditorParser.CurrentParseTree"></member>
    <member name="M:System.Web.Razor.RazorEditorParser.Dispose"></member>
    <member name="M:System.Web.Razor.RazorEditorParser.Dispose(System.Boolean)"></member>
    <member name="E:System.Web.Razor.RazorEditorParser.DocumentParseComplete"></member>
    <member name="M:System.Web.Razor.RazorEditorParser.GetAutoCompleteString"></member>
    <member name="M:System.Web.Razor.RazorEditorParser.ProcessChange(System.Threading.CancellationToken,System.Web.Razor.Text.TextChange,System.Web.Razor.Parser.SyntaxTree.Block)"></member>
    <member name="M:System.Web.Razor.RazorEditorParser.QueueFullReparse(System.Web.Razor.Text.TextChange)"></member>
    <member name="T:System.Web.Razor.RazorEngineHost"></member>
    <member name="M:System.Web.Razor.RazorEngineHost.#ctor"></member>
    <member name="M:System.Web.Razor.RazorEngineHost.#ctor(System.Web.Razor.RazorCodeLanguage)"></member>
    <member name="M:System.Web.Razor.RazorEngineHost.#ctor(System.Web.Razor.RazorCodeLanguage,System.Func`1)"></member>
    <member name="P:System.Web.Razor.RazorEngineHost.CodeLanguage"></member>
    <member name="M:System.Web.Razor.RazorEngineHost.CreateMarkupParser"></member>
    <member name="M:System.Web.Razor.RazorEngineHost.DecorateCodeGenerator(System.Web.Razor.Generator.RazorCodeGenerator)"></member>
    <member name="M:System.Web.Razor.RazorEngineHost.DecorateCodeParser(System.Web.Razor.Parser.ParserBase)"></member>
    <member name="M:System.Web.Razor.RazorEngineHost.DecorateMarkupParser(System.Web.Razor.Parser.MarkupParser)"></member>
    <member name="P:System.Web.Razor.RazorEngineHost.DefaultBaseClass"></member>
    <member name="P:System.Web.Razor.RazorEngineHost.DefaultClassName"></member>
    <member name="P:System.Web.Razor.RazorEngineHost.DefaultNamespace"></member>
    <member name="P:System.Web.Razor.RazorEngineHost.DesignTimeMode"></member>
    <member name="P:System.Web.Razor.RazorEngineHost.GeneratedClassContext"></member>
    <member name="P:System.Web.Razor.RazorEngineHost.NamespaceImports"></member>
    <member name="M:System.Web.Razor.RazorEngineHost.PostProcessGeneratedCode(System.CodeDom.CodeCompileUnit,System.CodeDom.CodeNamespace,System.CodeDom.CodeTypeDeclaration,System.CodeDom.CodeMemberMethod)"></member>
    <member name="P:System.Web.Razor.RazorEngineHost.StaticHelpers"></member>
    <member name="T:System.Web.Razor.RazorTemplateEngine"></member>
    <member name="M:System.Web.Razor.RazorTemplateEngine.#ctor(System.Web.Razor.RazorEngineHost)"></member>
    <member name="M:System.Web.Razor.RazorTemplateEngine.CreateCodeGenerator(System.String,System.String,System.String)"></member>
    <member name="M:System.Web.Razor.RazorTemplateEngine.CreateParser"></member>
    <member name="M:System.Web.Razor.RazorTemplateEngine.GenerateCode(System.IO.TextReader)"></member>
    <member name="M:System.Web.Razor.RazorTemplateEngine.GenerateCode(System.IO.TextReader,System.Nullable{System.Threading.CancellationToken})"></member>
    <member name="M:System.Web.Razor.RazorTemplateEngine.GenerateCode(System.IO.TextReader,System.String,System.String,System.String)"></member>
    <member name="M:System.Web.Razor.RazorTemplateEngine.GenerateCode(System.IO.TextReader,System.String,System.String,System.String,System.Nullable{System.Threading.CancellationToken})"></member>
    <member name="M:System.Web.Razor.RazorTemplateEngine.GenerateCode(System.Web.Razor.Text.ITextBuffer)"></member>
    <member name="M:System.Web.Razor.RazorTemplateEngine.GenerateCode(System.Web.Razor.Text.ITextBuffer,System.Nullable{System.Threading.CancellationToken})"></member>
    <member name="M:System.Web.Razor.RazorTemplateEngine.GenerateCode(System.Web.Razor.Text.ITextBuffer,System.String,System.String,System.String)"></member>
    <member name="M:System.Web.Razor.RazorTemplateEngine.GenerateCode(System.Web.Razor.Text.ITextBuffer,System.String,System.String,System.String,System.Nullable{System.Threading.CancellationToken})"></member>
    <member name="M:System.Web.Razor.RazorTemplateEngine.GenerateCodeCore(System.Web.Razor.Text.LookaheadTextReader,System.String,System.String,System.String,System.Nullable{System.Threading.CancellationToken})"></member>
    <member name="P:System.Web.Razor.RazorTemplateEngine.Host"></member>
    <member name="M:System.Web.Razor.RazorTemplateEngine.ParseTemplate(System.IO.TextReader)"></member>
    <member name="M:System.Web.Razor.RazorTemplateEngine.ParseTemplate(System.IO.TextReader,System.Nullable{System.Threading.CancellationToken})"></member>
    <member name="M:System.Web.Razor.RazorTemplateEngine.ParseTemplate(System.Web.Razor.Text.ITextBuffer)"></member>
    <member name="M:System.Web.Razor.RazorTemplateEngine.ParseTemplate(System.Web.Razor.Text.ITextBuffer,System.Nullable{System.Threading.CancellationToken})"></member>
    <member name="M:System.Web.Razor.RazorTemplateEngine.ParseTemplateCore(System.Web.Razor.Text.LookaheadTextReader,System.Nullable{System.Threading.CancellationToken})"></member>
    <member name="T:System.Web.Razor.VBRazorCodeLanguage"></member>
    <member name="M:System.Web.Razor.VBRazorCodeLanguage.#ctor"></member>
    <member name="P:System.Web.Razor.VBRazorCodeLanguage.CodeDomProviderType"></member>
    <member name="M:System.Web.Razor.VBRazorCodeLanguage.CreateCodeGenerator(System.String,System.String,System.String,System.Web.Razor.RazorEngineHost)"></member>
    <member name="M:System.Web.Razor.VBRazorCodeLanguage.CreateCodeParser"></member>
    <member name="P:System.Web.Razor.VBRazorCodeLanguage.LanguageName"></member>
    <member name="T:System.Web.Razor.Generator.BaseCodeWriter"></member>
    <member name="M:System.Web.Razor.Generator.BaseCodeWriter.#ctor"></member>
    <member name="M:System.Web.Razor.Generator.BaseCodeWriter.EmitEndConstructor"></member>
    <member name="M:System.Web.Razor.Generator.BaseCodeWriter.EmitEndLambdaExpression"></member>
    <member name="M:System.Web.Razor.Generator.BaseCodeWriter.EmitEndMethodInvoke"></member>
    <member name="M:System.Web.Razor.Generator.BaseCodeWriter.EmitStartMethodInvoke(System.String)"></member>
    <member name="M:System.Web.Razor.Generator.BaseCodeWriter.WriteCommaSeparatedList``1(``0[],System.Action{``0})">
      <typeparam name="T"></typeparam>
    </member>
    <member name="M:System.Web.Razor.Generator.BaseCodeWriter.WriteParameterSeparator"></member>
    <member name="M:System.Web.Razor.Generator.BaseCodeWriter.WriteSnippet(System.String)"></member>
    <member name="T:System.Web.Razor.Generator.CodeGenerationCompleteEventArgs"></member>
    <member name="M:System.Web.Razor.Generator.CodeGenerationCompleteEventArgs.#ctor(System.String,System.String,System.CodeDom.CodeCompileUnit)"></member>
    <member name="P:System.Web.Razor.Generator.CodeGenerationCompleteEventArgs.GeneratedCode"></member>
    <member name="P:System.Web.Razor.Generator.CodeGenerationCompleteEventArgs.PhysicalPath"></member>
    <member name="P:System.Web.Razor.Generator.CodeGenerationCompleteEventArgs.VirtualPath"></member>
    <member name="T:System.Web.Razor.Generator.CodeWriter"></member>
    <member name="M:System.Web.Razor.Generator.CodeWriter.#ctor"></member>
    <member name="M:System.Web.Razor.Generator.CodeWriter.Clear"></member>
    <member name="P:System.Web.Razor.Generator.CodeWriter.Content"></member>
    <member name="M:System.Web.Razor.Generator.CodeWriter.Dispose"></member>
    <member name="M:System.Web.Razor.Generator.CodeWriter.Dispose(System.Boolean)"></member>
    <member name="M:System.Web.Razor.Generator.CodeWriter.EmitEndConstructor"></member>
    <member name="M:System.Web.Razor.Generator.CodeWriter.EmitEndLambdaDelegate"></member>
    <member name="M:System.Web.Razor.Generator.CodeWriter.EmitEndLambdaExpression"></member>
    <member name="M:System.Web.Razor.Generator.CodeWriter.EmitEndMethodInvoke"></member>
    <member name="M:System.Web.Razor.Generator.CodeWriter.EmitStartConstructor(System.String)"></member>
    <member name="M:System.Web.Razor.Generator.CodeWriter.EmitStartLambdaDelegate(System.String[])"></member>
    <member name="M:System.Web.Razor.Generator.CodeWriter.EmitStartLambdaExpression(System.String[])"></member>
    <member name="M:System.Web.Razor.Generator.CodeWriter.EmitStartMethodInvoke(System.String)"></member>
    <member name="P:System.Web.Razor.Generator.CodeWriter.InnerWriter"></member>
    <member name="M:System.Web.Razor.Generator.CodeWriter.ToStatement"></member>
    <member name="M:System.Web.Razor.Generator.CodeWriter.ToTypeMember"></member>
    <member name="M:System.Web.Razor.Generator.CodeWriter.WriteEndConstructor"></member>
    <member name="M:System.Web.Razor.Generator.CodeWriter.WriteEndLambdaDelegate"></member>
    <member name="M:System.Web.Razor.Generator.CodeWriter.WriteEndLambdaExpression"></member>
    <member name="M:System.Web.Razor.Generator.CodeWriter.WriteEndMethodInvoke"></member>
    <member name="M:System.Web.Razor.Generator.CodeWriter.WriteEndStatement"></member>
    <member name="M:System.Web.Razor.Generator.CodeWriter.WriteHelperHeaderPrefix(System.String,System.Boolean)"></member>
    <member name="M:System.Web.Razor.Generator.CodeWriter.WriteHelperHeaderSuffix(System.String)"></member>
    <member name="M:System.Web.Razor.Generator.CodeWriter.WriteHelperTrailer"></member>
    <member name="M:System.Web.Razor.Generator.CodeWriter.WriteHiddenLinePragma"></member>
    <member name="M:System.Web.Razor.Generator.CodeWriter.WriteIdentifier(System.String)"></member>
    <member name="M:System.Web.Razor.Generator.CodeWriter.WriteLinePragma(System.Nullable{System.Int32},System.String)"></member>
    <member name="M:System.Web.Razor.Generator.CodeWriter.WriteParameterSeparator"></member>
    <member name="M:System.Web.Razor.Generator.CodeWriter.WriteReturn"></member>
    <member name="M:System.Web.Razor.Generator.CodeWriter.WriteSnippet(System.String)"></member>
    <member name="M:System.Web.Razor.Generator.CodeWriter.WriteStartAssignment(System.String)"></member>
    <member name="M:System.Web.Razor.Generator.CodeWriter.WriteStartConstructor(System.String)"></member>
    <member name="M:System.Web.Razor.Generator.CodeWriter.WriteStartLambdaDelegate(System.String[])"></member>
    <member name="M:System.Web.Razor.Generator.CodeWriter.WriteStartLambdaExpression(System.String[])"></member>
    <member name="M:System.Web.Razor.Generator.CodeWriter.WriteStartMethodInvoke(System.String)"></member>
    <member name="M:System.Web.Razor.Generator.CodeWriter.WriteStringLiteral(System.String)"></member>
    <member name="T:System.Web.Razor.Generator.CSharpCodeWriter"></member>
    <member name="M:System.Web.Razor.Generator.CSharpCodeWriter.#ctor"></member>
    <member name="M:System.Web.Razor.Generator.CSharpCodeWriter.EmitEndLambdaDelegate"></member>
    <member name="M:System.Web.Razor.Generator.CSharpCodeWriter.EmitStartConstructor(System.String)"></member>
    <member name="M:System.Web.Razor.Generator.CSharpCodeWriter.EmitStartLambdaDelegate(System.String[])"></member>
    <member name="M:System.Web.Razor.Generator.CSharpCodeWriter.EmitStartLambdaExpression(System.String[])"></member>
    <member name="M:System.Web.Razor.Generator.CSharpCodeWriter.WriteEndStatement"></member>
    <member name="M:System.Web.Razor.Generator.CSharpCodeWriter.WriteHelperHeaderPrefix(System.String,System.Boolean)"></member>
    <member name="M:System.Web.Razor.Generator.CSharpCodeWriter.WriteHiddenLinePragma"></member>
    <member name="M:System.Web.Razor.Generator.CSharpCodeWriter.WriteIdentifier(System.String)"></member>
    <member name="M:System.Web.Razor.Generator.CSharpCodeWriter.WriteLinePragma(System.Nullable{System.Int32},System.String)"></member>
    <member name="M:System.Web.Razor.Generator.CSharpCodeWriter.WriteReturn"></member>
    <member name="M:System.Web.Razor.Generator.CSharpCodeWriter.WriteStringLiteral(System.String)"></member>
    <member name="T:System.Web.Razor.Generator.CSharpRazorCodeGenerator"></member>
    <member name="M:System.Web.Razor.Generator.CSharpRazorCodeGenerator.#ctor(System.String,System.String,System.String,System.Web.Razor.RazorEngineHost)"></member>
    <member name="M:System.Web.Razor.Generator.CSharpRazorCodeGenerator.CreateCodeWriter"></member>
    <member name="M:System.Web.Razor.Generator.CSharpRazorCodeGenerator.WriteHelperVariable(System.String,System.String)"></member>
    <member name="T:System.Web.Razor.Generator.GeneratedClassContext"></member>
    <member name="M:System.Web.Razor.Generator.GeneratedClassContext.#ctor(System.String,System.String,System.String)"></member>
    <member name="M:System.Web.Razor.Generator.GeneratedClassContext.#ctor(System.String,System.String,System.String,System.String,System.String,System.String)"></member>
    <member name="M:System.Web.Razor.Generator.GeneratedClassContext.#ctor(System.String,System.String,System.String,System.String,System.String,System.String,System.String)"></member>
    <member name="P:System.Web.Razor.Generator.GeneratedClassContext.AllowSections"></member>
    <member name="P:System.Web.Razor.Generator.GeneratedClassContext.AllowTemplates"></member>
    <member name="F:System.Web.Razor.Generator.GeneratedClassContext.Default"></member>
    <member name="F:System.Web.Razor.Generator.GeneratedClassContext.DefaultExecuteMethodName"></member>
    <member name="F:System.Web.Razor.Generator.GeneratedClassContext.DefaultWriteLiteralMethodName"></member>
    <member name="F:System.Web.Razor.Generator.GeneratedClassContext.DefaultWriteMethodName"></member>
    <member name="P:System.Web.Razor.Generator.GeneratedClassContext.DefineSectionMethodName"></member>
    <member name="M:System.Web.Razor.Generator.GeneratedClassContext.Equals(System.Object)"></member>
    <member name="P:System.Web.Razor.Generator.GeneratedClassContext.ExecuteMethodName"></member>
    <member name="M:System.Web.Razor.Generator.GeneratedClassContext.GetHashCode"></member>
    <member name="M:System.Web.Razor.Generator.GeneratedClassContext.op_Equality(System.Web.Razor.Generator.GeneratedClassContext,System.Web.Razor.Generator.GeneratedClassContext)"></member>
    <member name="M:System.Web.Razor.Generator.GeneratedClassContext.op_Inequality(System.Web.Razor.Generator.GeneratedClassContext,System.Web.Razor.Generator.GeneratedClassContext)"></member>
    <member name="P:System.Web.Razor.Generator.GeneratedClassContext.TemplateTypeName"></member>
    <member name="P:System.Web.Razor.Generator.GeneratedClassContext.WriteLiteralMethodName"></member>
    <member name="P:System.Web.Razor.Generator.GeneratedClassContext.WriteLiteralToMethodName"></member>
    <member name="P:System.Web.Razor.Generator.GeneratedClassContext.WriteMethodName"></member>
    <member name="P:System.Web.Razor.Generator.GeneratedClassContext.WriteToMethodName"></member>
    <member name="T:System.Web.Razor.Generator.GeneratedCodeMapping"></member>
    <member name="M:System.Web.Razor.Generator.GeneratedCodeMapping.#ctor(System.Int32,System.Int32,System.Int32,System.Int32)"></member>
    <member name="P:System.Web.Razor.Generator.GeneratedCodeMapping.CodeLength"></member>
    <member name="M:System.Web.Razor.Generator.GeneratedCodeMapping.Equals(System.Object)"></member>
    <member name="M:System.Web.Razor.Generator.GeneratedCodeMapping.GetHashCode"></member>
    <member name="M:System.Web.Razor.Generator.GeneratedCodeMapping.op_Equality(System.Web.Razor.Generator.GeneratedCodeMapping,System.Web.Razor.Generator.GeneratedCodeMapping)"></member>
    <member name="M:System.Web.Razor.Generator.GeneratedCodeMapping.op_Inequality(System.Web.Razor.Generator.GeneratedCodeMapping,System.Web.Razor.Generator.GeneratedCodeMapping)"></member>
    <member name="P:System.Web.Razor.Generator.GeneratedCodeMapping.StartColumn"></member>
    <member name="P:System.Web.Razor.Generator.GeneratedCodeMapping.StartGeneratedColumn"></member>
    <member name="P:System.Web.Razor.Generator.GeneratedCodeMapping.StartLine"></member>
    <member name="T:System.Web.Razor.Generator.RazorCodeGenerator"></member>
    <member name="M:System.Web.Razor.Generator.RazorCodeGenerator.#ctor(System.String,System.String,System.String,System.Web.Razor.RazorEngineHost)"></member>
    <member name="P:System.Web.Razor.Generator.RazorCodeGenerator.ClassName"></member>
    <member name="P:System.Web.Razor.Generator.RazorCodeGenerator.CodeMappings"></member>
    <member name="M:System.Web.Razor.Generator.RazorCodeGenerator.CreateCodeWriter"></member>
    <member name="M:System.Web.Razor.Generator.RazorCodeGenerator.CreateLinePragma(System.Web.Razor.Generator.RazorCodeGenerator.BlockContext)"></member>
    <member name="M:System.Web.Razor.Generator.RazorCodeGenerator.CreateLinePragma(System.Web.Razor.Text.SourceLocation,System.Int32,System.Int32)"></member>
    <member name="M:System.Web.Razor.Generator.RazorCodeGenerator.CreateStatement(System.Web.Razor.Generator.RazorCodeGenerator.BlockContext)"></member>
    <member name="P:System.Web.Razor.Generator.RazorCodeGenerator.CurrentBlock"></member>
    <member name="P:System.Web.Razor.Generator.RazorCodeGenerator.CurrentWriteLiteralMethod"></member>
    <member name="P:System.Web.Razor.Generator.RazorCodeGenerator.CurrentWriteMethod"></member>
    <member name="P:System.Web.Razor.Generator.RazorCodeGenerator.CurrentWriterName"></member>
    <member name="P:System.Web.Razor.Generator.RazorCodeGenerator.DesignTimeMode"></member>
    <member name="M:System.Web.Razor.Generator.RazorCodeGenerator.EndBlock(System.Web.Razor.Generator.RazorCodeGenerator.BlockContext)"></member>
    <member name="M:System.Web.Razor.Generator.RazorCodeGenerator.EnsureExpressionHelperVariable"></member>
    <member name="P:System.Web.Razor.Generator.RazorCodeGenerator.GeneratedClass"></member>
    <member name="P:System.Web.Razor.Generator.RazorCodeGenerator.GeneratedCode"></member>
    <member name="P:System.Web.Razor.Generator.RazorCodeGenerator.GeneratedExecuteMethod"></member>
    <member name="P:System.Web.Razor.Generator.RazorCodeGenerator.GeneratedNamespace"></member>
    <member name="P:System.Web.Razor.Generator.RazorCodeGenerator.GenerateLinePragmas"></member>
    <member name="P:System.Web.Razor.Generator.RazorCodeGenerator.HelperVariablesMethod"></member>
    <member name="P:System.Web.Razor.Generator.RazorCodeGenerator.Host"></member>
    <member name="P:System.Web.Razor.Generator.RazorCodeGenerator.InHelper"></member>
    <member name="F:System.Web.Razor.Generator.RazorCodeGenerator.InheritsHelperName"></member>
    <member name="P:System.Web.Razor.Generator.RazorCodeGenerator.InNestedWriterBlock"></member>
    <member name="P:System.Web.Razor.Generator.RazorCodeGenerator.InSection"></member>
    <member name="P:System.Web.Razor.Generator.RazorCodeGenerator.InTemplate"></member>
    <member name="M:System.Web.Razor.Generator.RazorCodeGenerator.OnComplete"></member>
    <member name="M:System.Web.Razor.Generator.RazorCodeGenerator.ResumeBlock(System.Web.Razor.Generator.RazorCodeGenerator.BlockContext,System.Web.Razor.Generator.RazorCodeGenerator.BlockContext)"></member>
    <member name="P:System.Web.Razor.Generator.RazorCodeGenerator.RootNamespaceName"></member>
    <member name="P:System.Web.Razor.Generator.RazorCodeGenerator.SourceFileName"></member>
    <member name="M:System.Web.Razor.Generator.RazorCodeGenerator.StartBlock(System.Web.Razor.Generator.RazorCodeGenerator.BlockContext)"></member>
    <member name="M:System.Web.Razor.Generator.RazorCodeGenerator.SuspendBlock(System.Web.Razor.Generator.RazorCodeGenerator.BlockContext,System.Web.Razor.Generator.RazorCodeGenerator.BlockContext)"></member>
    <member name="M:System.Web.Razor.Generator.RazorCodeGenerator.TryVisit``1(System.Web.Razor.Parser.SyntaxTree.Span,System.Action{``0})">
      <typeparam name="T"></typeparam>
    </member>
    <member name="M:System.Web.Razor.Generator.RazorCodeGenerator.TryVisitSpecialSpan(System.Web.Razor.Parser.SyntaxTree.Span)"></member>
    <member name="M:System.Web.Razor.Generator.RazorCodeGenerator.VisitEndBlock(System.Web.Razor.Parser.SyntaxTree.BlockType)"></member>
    <member name="M:System.Web.Razor.Generator.RazorCodeGenerator.VisitError(System.Web.Razor.Parser.SyntaxTree.RazorError)"></member>
    <member name="M:System.Web.Razor.Generator.RazorCodeGenerator.VisitSpan(System.Web.Razor.Parser.SyntaxTree.HelperFooterSpan)"></member>
    <member name="M:System.Web.Razor.Generator.RazorCodeGenerator.VisitSpan(System.Web.Razor.Parser.SyntaxTree.HelperHeaderSpan)"></member>
    <member name="M:System.Web.Razor.Generator.RazorCodeGenerator.VisitSpan(System.Web.Razor.Parser.SyntaxTree.InheritsSpan)"></member>
    <member name="M:System.Web.Razor.Generator.RazorCodeGenerator.VisitSpan(System.Web.Razor.Parser.SyntaxTree.NamespaceImportSpan)"></member>
    <member name="M:System.Web.Razor.Generator.RazorCodeGenerator.VisitSpan(System.Web.Razor.Parser.SyntaxTree.SectionHeaderSpan)"></member>
    <member name="M:System.Web.Razor.Generator.RazorCodeGenerator.VisitSpan(System.Web.Razor.Parser.SyntaxTree.Span)"></member>
    <member name="M:System.Web.Razor.Generator.RazorCodeGenerator.VisitStartBlock(System.Web.Razor.Parser.SyntaxTree.BlockType)"></member>
    <member name="M:System.Web.Razor.Generator.RazorCodeGenerator.WriteHelperTrailer(System.Web.Razor.Generator.RazorCodeGenerator.BlockContext)"></member>
    <member name="M:System.Web.Razor.Generator.RazorCodeGenerator.WriteHelperTrailer(System.Web.Razor.Generator.RazorCodeGenerator.BlockContext,System.Web.Razor.Parser.SyntaxTree.HelperFooterSpan)"></member>
    <member name="M:System.Web.Razor.Generator.RazorCodeGenerator.WriteHelperVariable(System.String,System.String)"></member>
    <member name="T:System.Web.Razor.Generator.RazorCodeGenerator.BlockContext"></member>
    <member name="M:System.Web.Razor.Generator.RazorCodeGenerator.BlockContext.#ctor(System.Web.Razor.Parser.SyntaxTree.BlockType,System.Web.Razor.Generator.CodeWriter)"></member>
    <member name="P:System.Web.Razor.Generator.RazorCodeGenerator.BlockContext.BlockType"></member>
    <member name="P:System.Web.Razor.Generator.RazorCodeGenerator.BlockContext.GeneratedCodeLength"></member>
    <member name="P:System.Web.Razor.Generator.RazorCodeGenerator.BlockContext.GeneratedCodeStart"></member>
    <member name="P:System.Web.Razor.Generator.RazorCodeGenerator.BlockContext.GeneratedColumnOffset"></member>
    <member name="P:System.Web.Razor.Generator.RazorCodeGenerator.BlockContext.HasContent"></member>
    <member name="M:System.Web.Razor.Generator.RazorCodeGenerator.BlockContext.MarkEndGeneratedCode"></member>
    <member name="M:System.Web.Razor.Generator.RazorCodeGenerator.BlockContext.MarkStartGeneratedCode"></member>
    <member name="M:System.Web.Razor.Generator.RazorCodeGenerator.BlockContext.ResetBuffer"></member>
    <member name="P:System.Web.Razor.Generator.RazorCodeGenerator.BlockContext.SourceCodeStart"></member>
    <member name="P:System.Web.Razor.Generator.RazorCodeGenerator.BlockContext.VisitedSpans"></member>
    <member name="M:System.Web.Razor.Generator.RazorCodeGenerator.BlockContext.VisitSpan(System.Web.Razor.Parser.SyntaxTree.Span)"></member>
    <member name="P:System.Web.Razor.Generator.RazorCodeGenerator.BlockContext.WriteLinePragma"></member>
    <member name="P:System.Web.Razor.Generator.RazorCodeGenerator.BlockContext.Writer"></member>
    <member name="T:System.Web.Razor.Generator.RazorCodeGenerator.HelperContext"></member>
    <member name="M:System.Web.Razor.Generator.RazorCodeGenerator.HelperContext.#ctor"></member>
    <member name="P:System.Web.Razor.Generator.RazorCodeGenerator.HelperContext.Content"></member>
    <member name="P:System.Web.Razor.Generator.RazorCodeGenerator.HelperContext.TrailerWritten"></member>
    <member name="P:System.Web.Razor.Generator.RazorCodeGenerator.HelperContext.WroteHelperPrefix"></member>
    <member name="T:System.Web.Razor.Generator.VBCodeWriter"></member>
    <member name="M:System.Web.Razor.Generator.VBCodeWriter.#ctor"></member>
    <member name="M:System.Web.Razor.Generator.VBCodeWriter.EmitEndLambdaDelegate"></member>
    <member name="M:System.Web.Razor.Generator.VBCodeWriter.EmitStartConstructor(System.String)"></member>
    <member name="M:System.Web.Razor.Generator.VBCodeWriter.EmitStartLambdaDelegate(System.String[])"></member>
    <member name="M:System.Web.Razor.Generator.VBCodeWriter.EmitStartLambdaExpression(System.String[])"></member>
    <member name="M:System.Web.Razor.Generator.VBCodeWriter.WriteEndStatement"></member>
    <member name="M:System.Web.Razor.Generator.VBCodeWriter.WriteHelperHeaderPrefix(System.String,System.Boolean)"></member>
    <member name="M:System.Web.Razor.Generator.VBCodeWriter.WriteHelperHeaderSuffix(System.String)"></member>
    <member name="M:System.Web.Razor.Generator.VBCodeWriter.WriteHelperTrailer"></member>
    <member name="M:System.Web.Razor.Generator.VBCodeWriter.WriteLinePragma(System.Nullable{System.Int32},System.String)"></member>
    <member name="M:System.Web.Razor.Generator.VBCodeWriter.WriteReturn"></member>
    <member name="M:System.Web.Razor.Generator.VBCodeWriter.WriteStringLiteral(System.String)"></member>
    <member name="T:System.Web.Razor.Generator.VBRazorCodeGenerator"></member>
    <member name="M:System.Web.Razor.Generator.VBRazorCodeGenerator.#ctor(System.String,System.String,System.String,System.Web.Razor.RazorEngineHost)"></member>
    <member name="M:System.Web.Razor.Generator.VBRazorCodeGenerator.CreateCodeWriter"></member>
    <member name="M:System.Web.Razor.Generator.VBRazorCodeGenerator.VisitSpan(System.Web.Razor.Parser.SyntaxTree.Span)"></member>
    <member name="M:System.Web.Razor.Generator.VBRazorCodeGenerator.VisitSpan(System.Web.Razor.Parser.SyntaxTree.VBOptionSpan)"></member>
    <member name="M:System.Web.Razor.Generator.VBRazorCodeGenerator.WriteHelperVariable(System.String,System.String)"></member>
    <member name="T:System.Web.Razor.Parser.CallbackVisitor"></member>
    <member name="M:System.Web.Razor.Parser.CallbackVisitor.#ctor(System.Action{System.Web.Razor.Parser.SyntaxTree.Span})"></member>
    <member name="M:System.Web.Razor.Parser.CallbackVisitor.#ctor(System.Action{System.Web.Razor.Parser.SyntaxTree.Span},System.Action{System.Web.Razor.Parser.SyntaxTree.RazorError})"></member>
    <member name="M:System.Web.Razor.Parser.CallbackVisitor.#ctor(System.Action{System.Web.Razor.Parser.SyntaxTree.Span},System.Action{System.Web.Razor.Parser.SyntaxTree.RazorError},System.Action{System.Web.Razor.Parser.SyntaxTree.BlockType},System.Action{System.Web.Razor.Parser.SyntaxTree.BlockType})"></member>
    <member name="M:System.Web.Razor.Parser.CallbackVisitor.#ctor(System.Action{System.Web.Razor.Parser.SyntaxTree.Span},System.Action{System.Web.Razor.Parser.SyntaxTree.RazorError},System.Action{System.Web.Razor.Parser.SyntaxTree.BlockType},System.Action{System.Web.Razor.Parser.SyntaxTree.BlockType},System.Action)"></member>
    <member name="M:System.Web.Razor.Parser.CallbackVisitor.OnComplete"></member>
    <member name="P:System.Web.Razor.Parser.CallbackVisitor.SynchronizationContext"></member>
    <member name="M:System.Web.Razor.Parser.CallbackVisitor.VisitEndBlock(System.Web.Razor.Parser.SyntaxTree.BlockType)"></member>
    <member name="M:System.Web.Razor.Parser.CallbackVisitor.VisitError(System.Web.Razor.Parser.SyntaxTree.RazorError)"></member>
    <member name="M:System.Web.Razor.Parser.CallbackVisitor.VisitSpan(System.Web.Razor.Parser.SyntaxTree.Span)"></member>
    <member name="M:System.Web.Razor.Parser.CallbackVisitor.VisitStartBlock(System.Web.Razor.Parser.SyntaxTree.BlockType)"></member>
    <member name="T:System.Web.Razor.Parser.CodeBlockInfo"></member>
    <member name="M:System.Web.Razor.Parser.CodeBlockInfo.#ctor(System.String,System.Web.Razor.Text.SourceLocation,System.Boolean)"></member>
    <member name="M:System.Web.Razor.Parser.CodeBlockInfo.#ctor(System.String,System.Web.Razor.Text.SourceLocation,System.Boolean,System.Web.Razor.Parser.SyntaxTree.Span,System.Web.Razor.Parser.SyntaxTree.Span)"></member>
    <member name="P:System.Web.Razor.Parser.CodeBlockInfo.BlockType"></member>
    <member name="P:System.Web.Razor.Parser.CodeBlockInfo.InitialSpan"></member>
    <member name="P:System.Web.Razor.Parser.CodeBlockInfo.IsTopLevel"></member>
    <member name="P:System.Web.Razor.Parser.CodeBlockInfo.Name"></member>
    <member name="M:System.Web.Razor.Parser.CodeBlockInfo.ResumeSpans(System.Web.Razor.Parser.ParserContext)"></member>
    <member name="P:System.Web.Razor.Parser.CodeBlockInfo.Start"></member>
    <member name="P:System.Web.Razor.Parser.CodeBlockInfo.TransitionSpan"></member>
    <member name="T:System.Web.Razor.Parser.CodeParser"></member>
    <member name="M:System.Web.Razor.Parser.CodeParser.#ctor"></member>
    <member name="M:System.Web.Razor.Parser.CodeParser.AcceptDottedExpression(System.Boolean,System.Boolean,System.Char[])"></member>
    <member name="M:System.Web.Razor.Parser.CodeParser.AcceptGenericArgument"></member>
    <member name="M:System.Web.Razor.Parser.CodeParser.AcceptTypeName"></member>
    <member name="M:System.Web.Razor.Parser.CodeParser.AcceptTypeName(System.Boolean)"></member>
    <member name="M:System.Web.Razor.Parser.CodeParser.AcceptUntilUnquoted(System.Predicate{System.Char})"></member>
    <member name="M:System.Web.Razor.Parser.CodeParser.AcceptWhiteSpaceByLines"></member>
    <member name="M:System.Web.Razor.Parser.CodeParser.BalanceBrackets"></member>
    <member name="M:System.Web.Razor.Parser.CodeParser.BalanceBrackets(System.Boolean)"></member>
    <member name="M:System.Web.Razor.Parser.CodeParser.BalanceBrackets(System.Boolean,System.Web.Razor.Parser.SyntaxTree.SpanFactory)"></member>
    <member name="M:System.Web.Razor.Parser.CodeParser.BalanceBrackets(System.Boolean,System.Web.Razor.Parser.SyntaxTree.SpanFactory,System.Boolean)"></member>
    <member name="M:System.Web.Razor.Parser.CodeParser.BalanceBrackets(System.Boolean,System.Web.Razor.Parser.SyntaxTree.SpanFactory,System.Boolean,System.Char)"></member>
    <member name="M:System.Web.Razor.Parser.CodeParser.BalanceBrackets(System.Boolean,System.Web.Razor.Parser.SyntaxTree.SpanFactory,System.Boolean,System.Nullable{System.Char},System.Boolean)"></member>
    <member name="M:System.Web.Razor.Parser.CodeParser.CreateImplicitExpressionSpan(System.Web.Razor.Parser.ParserContext,System.Boolean,System.Web.Razor.Parser.SyntaxTree.AcceptedCharacters)"></member>
    <member name="M:System.Web.Razor.Parser.CodeParser.HandleTransition(System.Web.Razor.Parser.SyntaxTree.SpanFactory)"></member>
    <member name="P:System.Web.Razor.Parser.CodeParser.OtherParser"></member>
    <member name="M:System.Web.Razor.Parser.CodeParser.ParseBlockStart(System.Boolean,System.Boolean)"></member>
    <member name="M:System.Web.Razor.Parser.CodeParser.RequireSingleWhiteSpace"></member>
    <member name="P:System.Web.Razor.Parser.CodeParser.TopLevelKeywords"></member>
    <member name="M:System.Web.Razor.Parser.CodeParser.TryAcceptStringOrComment"></member>
    <member name="M:System.Web.Razor.Parser.CodeParser.TryRecover(System.Boolean,System.Web.Razor.Parser.SyntaxTree.SpanFactory)"></member>
    <member name="M:System.Web.Razor.Parser.CodeParser.TryRecover(System.Web.Razor.Parser.RecoveryModes)"></member>
    <member name="M:System.Web.Razor.Parser.CodeParser.TryRecover(System.Web.Razor.Parser.RecoveryModes,System.Predicate{System.Char},System.Boolean,System.Web.Razor.Parser.SyntaxTree.SpanFactory)"></member>
    <member name="T:System.Web.Razor.Parser.CodeParser.BlockParser"></member>
    <member name="T:System.Web.Razor.Parser.CSharpCodeParser"></member>
    <member name="M:System.Web.Razor.Parser.CSharpCodeParser.#ctor"></member>
    <member name="M:System.Web.Razor.Parser.CSharpCodeParser.AcceptGenericArgument"></member>
    <member name="M:System.Web.Razor.Parser.CSharpCodeParser.AcceptWhiteSpaceAndComments"></member>
    <member name="M:System.Web.Razor.Parser.CSharpCodeParser.HandleReservedWord(System.Web.Razor.Parser.CodeBlockInfo)"></member>
    <member name="M:System.Web.Razor.Parser.CSharpCodeParser.HandleTransition(System.Web.Razor.Parser.SyntaxTree.SpanFactory)"></member>
    <member name="M:System.Web.Razor.Parser.CSharpCodeParser.IsAtExplicitTransition"></member>
    <member name="M:System.Web.Razor.Parser.CSharpCodeParser.IsAtImplicitTransition"></member>
    <member name="M:System.Web.Razor.Parser.CSharpCodeParser.ParseBlock"></member>
    <member name="M:System.Web.Razor.Parser.CSharpCodeParser.ParseCaseBlock(System.Web.Razor.Parser.CodeBlockInfo)"></member>
    <member name="M:System.Web.Razor.Parser.CSharpCodeParser.ParseConditionalBlockStatement(System.Web.Razor.Parser.CodeBlockInfo)"></member>
    <member name="M:System.Web.Razor.Parser.CSharpCodeParser.ParseControlFlowBody(System.Web.Razor.Parser.CodeBlockInfo)"></member>
    <member name="M:System.Web.Razor.Parser.CSharpCodeParser.ParseDoStatement(System.Web.Razor.Parser.CodeBlockInfo)"></member>
    <member name="M:System.Web.Razor.Parser.CSharpCodeParser.ParseIfStatement(System.Web.Razor.Parser.CodeBlockInfo)"></member>
    <member name="M:System.Web.Razor.Parser.CSharpCodeParser.ParseImplicitExpression(System.Web.Razor.Parser.CodeBlockInfo)"></member>
    <member name="M:System.Web.Razor.Parser.CSharpCodeParser.ParseImplicitExpression(System.Web.Razor.Parser.CodeBlockInfo,System.Boolean,System.Boolean)"></member>
    <member name="M:System.Web.Razor.Parser.CSharpCodeParser.ParseInheritsStatement(System.Web.Razor.Parser.CodeBlockInfo)"></member>
    <member name="M:System.Web.Razor.Parser.CSharpCodeParser.ParseInvalidMarkupSwitch"></member>
    <member name="M:System.Web.Razor.Parser.CSharpCodeParser.ParseStatement(System.Web.Razor.Parser.CodeBlockInfo)"></member>
    <member name="M:System.Web.Razor.Parser.CSharpCodeParser.ParseTryStatement(System.Web.Razor.Parser.CodeBlockInfo)"></member>
    <member name="P:System.Web.Razor.Parser.CSharpCodeParser.RazorKeywords"></member>
    <member name="P:System.Web.Razor.Parser.CSharpCodeParser.TopLevelKeywords"></member>
    <member name="M:System.Web.Razor.Parser.CSharpCodeParser.TryAcceptStringOrComment"></member>
    <member name="M:System.Web.Razor.Parser.CSharpCodeParser.TryRecover(System.Boolean,System.Web.Razor.Parser.SyntaxTree.SpanFactory)"></member>
    <member name="M:System.Web.Razor.Parser.CSharpCodeParser.WrapSimpleBlockParser(System.Web.Razor.Parser.SyntaxTree.BlockType,System.Web.Razor.Parser.CodeParser.BlockParser)"></member>
    <member name="T:System.Web.Razor.Parser.HtmlMarkupParser"></member>
    <member name="M:System.Web.Razor.Parser.HtmlMarkupParser.#ctor"></member>
    <member name="M:System.Web.Razor.Parser.HtmlMarkupParser.IsAtExplicitTransition"></member>
    <member name="M:System.Web.Razor.Parser.HtmlMarkupParser.IsAtImplicitTransition"></member>
    <member name="M:System.Web.Razor.Parser.HtmlMarkupParser.IsEndTag"></member>
    <member name="M:System.Web.Razor.Parser.HtmlMarkupParser.IsStartTag"></member>
    <member name="M:System.Web.Razor.Parser.HtmlMarkupParser.ParseBlock"></member>
    <member name="M:System.Web.Razor.Parser.HtmlMarkupParser.ParseDocument"></member>
    <member name="M:System.Web.Razor.Parser.HtmlMarkupParser.ParseSection(System.Tuple`2,System.Boolean)"></member>
    <member name="T:System.Web.Razor.Parser.MarkupParser"></member>
    <member name="M:System.Web.Razor.Parser.MarkupParser.#ctor"></member>
    <member name="M:System.Web.Razor.Parser.MarkupParser.IsEndTag"></member>
    <member name="M:System.Web.Razor.Parser.MarkupParser.IsStartTag"></member>
    <member name="P:System.Web.Razor.Parser.MarkupParser.OtherParser"></member>
    <member name="M:System.Web.Razor.Parser.MarkupParser.ParseDocument"></member>
    <member name="M:System.Web.Razor.Parser.MarkupParser.ParseSection(System.Tuple`2,System.Boolean)"></member>
    <member name="T:System.Web.Razor.Parser.ParserBase"></member>
    <member name="M:System.Web.Razor.Parser.ParserBase.#ctor"></member>
    <member name="M:System.Web.Razor.Parser.ParserBase.AcceptLineWithBlockComments(System.Web.Razor.Parser.ParserContext,System.Web.Razor.Parser.SyntaxTree.SpanFactory)"></member>
    <member name="P:System.Web.Razor.Parser.ParserBase.Context"></member>
    <member name="P:System.Web.Razor.Parser.ParserBase.CurrentCharacter"></member>
    <member name="P:System.Web.Razor.Parser.ParserBase.CurrentLocation"></member>
    <member name="P:System.Web.Razor.Parser.ParserBase.DesignTimeMode"></member>
    <member name="M:System.Web.Razor.Parser.ParserBase.End(System.Web.Razor.Parser.SyntaxTree.Span)"></member>
    <member name="M:System.Web.Razor.Parser.ParserBase.End(System.Web.Razor.Parser.SyntaxTree.SpanFactory)"></member>
    <member name="M:System.Web.Razor.Parser.ParserBase.EndBlock"></member>
    <member name="P:System.Web.Razor.Parser.ParserBase.EndOfFile"></member>
    <member name="P:System.Web.Razor.Parser.ParserBase.HaveContent"></member>
    <member name="P:System.Web.Razor.Parser.ParserBase.InTemporaryBuffer"></member>
    <member name="M:System.Web.Razor.Parser.ParserBase.IsAtExplicitTransition"></member>
    <member name="M:System.Web.Razor.Parser.ParserBase.IsAtImplicitTransition"></member>
    <member name="M:System.Web.Razor.Parser.ParserBase.IsAtTransition"></member>
    <member name="M:System.Web.Razor.Parser.ParserBase.NextIsTransition(System.Boolean,System.Boolean)"></member>
    <member name="M:System.Web.Razor.Parser.ParserBase.OnError(System.Web.Razor.Text.SourceLocation,System.String)"></member>
    <member name="M:System.Web.Razor.Parser.ParserBase.OnError(System.Web.Razor.Text.SourceLocation,System.String,System.Object[])"></member>
    <member name="P:System.Web.Razor.Parser.ParserBase.OtherParser"></member>
    <member name="M:System.Web.Razor.Parser.ParserBase.Output(System.Web.Razor.Parser.SyntaxTree.Span)"></member>
    <member name="M:System.Web.Razor.Parser.ParserBase.ParseBlock"></member>
    <member name="M:System.Web.Razor.Parser.ParserBase.ParseBlockWithOtherParser(System.Web.Razor.Parser.SyntaxTree.SpanFactory)"></member>
    <member name="M:System.Web.Razor.Parser.ParserBase.ParseBlockWithOtherParser(System.Web.Razor.Parser.SyntaxTree.SpanFactory,System.Boolean)"></member>
    <member name="M:System.Web.Razor.Parser.ParserBase.ParseComment"></member>
    <member name="M:System.Web.Razor.Parser.ParserBase.StartBlock(System.Web.Razor.Parser.SyntaxTree.BlockType)"></member>
    <member name="M:System.Web.Razor.Parser.ParserBase.StartBlock(System.Web.Razor.Parser.SyntaxTree.BlockType,System.Boolean)"></member>
    <member name="M:System.Web.Razor.Parser.ParserBase.TryParseComment(System.Web.Razor.Parser.SyntaxTree.SpanFactory)"></member>
    <member name="T:System.Web.Razor.Parser.ParserContext"></member>
    <member name="M:System.Web.Razor.Parser.ParserContext.#ctor(System.Web.Razor.Text.LookaheadTextReader,System.Web.Razor.Parser.ParserBase,System.Web.Razor.Parser.MarkupParser,System.Web.Razor.Parser.ParserBase,System.Web.Razor.Parser.ParserVisitor)"></member>
    <member name="M:System.Web.Razor.Parser.ParserContext.AcceptCurrent"></member>
    <member name="M:System.Web.Razor.Parser.ParserContext.AcceptTemporaryBuffer"></member>
    <member name="M:System.Web.Razor.Parser.ParserContext.AcceptTemporaryBufferInDesignTimeMode"></member>
    <member name="P:System.Web.Razor.Parser.ParserContext.ActiveParser"></member>
    <member name="M:System.Web.Razor.Parser.ParserContext.Append(System.String)"></member>
    <member name="P:System.Web.Razor.Parser.ParserContext.CodeParser"></member>
    <member name="P:System.Web.Razor.Parser.ParserContext.ContentBuffer"></member>
    <member name="P:System.Web.Razor.Parser.ParserContext.CurrentCharacter"></member>
    <member name="P:System.Web.Razor.Parser.ParserContext.CurrentLocation"></member>
    <member name="P:System.Web.Razor.Parser.ParserContext.CurrentSpanStart"></member>
    <member name="P:System.Web.Razor.Parser.ParserContext.DesignTimeMode"></member>
    <member name="M:System.Web.Razor.Parser.ParserContext.EndBlock"></member>
    <member name="P:System.Web.Razor.Parser.ParserContext.EndOfFile"></member>
    <member name="M:System.Web.Razor.Parser.ParserContext.FlushNextOutputSpan"></member>
    <member name="P:System.Web.Razor.Parser.ParserContext.HaveContent"></member>
    <member name="P:System.Web.Razor.Parser.ParserContext.InTemporaryBuffer"></member>
    <member name="M:System.Web.Razor.Parser.ParserContext.IsEmailPrefixOrSuffixCharacter(System.Char)"></member>
    <member name="P:System.Web.Razor.Parser.ParserContext.MarkupParser"></member>
    <member name="M:System.Web.Razor.Parser.ParserContext.OnComplete"></member>
    <member name="M:System.Web.Razor.Parser.ParserContext.OnError(System.Web.Razor.Text.SourceLocation,System.String)"></member>
    <member name="M:System.Web.Razor.Parser.ParserContext.OnError(System.Web.Razor.Text.SourceLocation,System.String,System.Object[])"></member>
    <member name="M:System.Web.Razor.Parser.ParserContext.OutputSpan(System.Web.Razor.Parser.SyntaxTree.Span)"></member>
    <member name="M:System.Web.Razor.Parser.ParserContext.PopVisitor"></member>
    <member name="P:System.Web.Razor.Parser.ParserContext.PreviousSpan"></member>
    <member name="P:System.Web.Razor.Parser.ParserContext.PreviousSpanCanGrow"></member>
    <member name="M:System.Web.Razor.Parser.ParserContext.PushVisitor(System.Web.Razor.Parser.ParserVisitor)"></member>
    <member name="M:System.Web.Razor.Parser.ParserContext.RejectTemporaryBuffer"></member>
    <member name="M:System.Web.Razor.Parser.ParserContext.Replay(System.Collections.Generic.IEnumerable{System.Web.Razor.Parser.SyntaxTree.SyntaxTreeNode},System.Collections.Generic.IEnumerable{System.Web.Razor.Parser.SyntaxTree.RazorError})"></member>
    <member name="M:System.Web.Razor.Parser.ParserContext.ResetBuffers"></member>
    <member name="M:System.Web.Razor.Parser.ParserContext.ResumeSpan(System.Web.Razor.Parser.SyntaxTree.Span)"></member>
    <member name="P:System.Web.Razor.Parser.ParserContext.SeenValidEmailPrefix"></member>
    <member name="M:System.Web.Razor.Parser.ParserContext.SkipCurrent"></member>
    <member name="P:System.Web.Razor.Parser.ParserContext.Source"></member>
    <member name="M:System.Web.Razor.Parser.ParserContext.StartBlock(System.Web.Razor.Parser.SyntaxTree.BlockType,System.Boolean)"></member>
    <member name="M:System.Web.Razor.Parser.ParserContext.StartTemporaryBuffer"></member>
    <member name="M:System.Web.Razor.Parser.ParserContext.SwitchActiveParser"></member>
    <member name="M:System.Web.Razor.Parser.ParserContext.UpdateSeenValidEmailPrefix"></member>
    <member name="P:System.Web.Razor.Parser.ParserContext.WhiteSpaceIsImportantToAncestorBlock"></member>
    <member name="T:System.Web.Razor.Parser.ParserContextExtensions"></member>
    <member name="M:System.Web.Razor.Parser.ParserContextExtensions.Accept(System.Web.Razor.Parser.ParserContext,System.String,System.Boolean)"></member>
    <member name="M:System.Web.Razor.Parser.ParserContextExtensions.Accept(System.Web.Razor.Parser.ParserContext,System.String,System.Boolean,System.Nullable{System.Web.Razor.Text.SourceLocation}@,System.Nullable{System.Char}@)"></member>
    <member name="M:System.Web.Razor.Parser.ParserContextExtensions.AcceptCharacters(System.Web.Razor.Parser.ParserContext,System.Int32)"></member>
    <member name="M:System.Web.Razor.Parser.ParserContextExtensions.AcceptIdentifier(System.Web.Razor.Parser.ParserContext)"></member>
    <member name="M:System.Web.Razor.Parser.ParserContextExtensions.AcceptLine(System.Web.Razor.Parser.ParserContext,System.Boolean)"></member>
    <member name="M:System.Web.Razor.Parser.ParserContextExtensions.AcceptNewLine(System.Web.Razor.Parser.ParserContext)"></member>
    <member name="M:System.Web.Razor.Parser.ParserContextExtensions.AcceptUntil(System.Web.Razor.Parser.ParserContext,System.Char[])"></member>
    <member name="M:System.Web.Razor.Parser.ParserContextExtensions.AcceptUntil(System.Web.Razor.Parser.ParserContext,System.Predicate{System.Char})"></member>
    <member name="M:System.Web.Razor.Parser.ParserContextExtensions.AcceptUntil(System.Web.Razor.Parser.ParserContext,System.Web.Razor.Text.SourceLocation)"></member>
    <member name="M:System.Web.Razor.Parser.ParserContextExtensions.AcceptUntilInclusive(System.Web.Razor.Parser.ParserContext,System.Char[])"></member>
    <member name="M:System.Web.Razor.Parser.ParserContextExtensions.AcceptWhile(System.Web.Razor.Parser.ParserContext,System.Predicate{System.Char})"></member>
    <member name="M:System.Web.Razor.Parser.ParserContextExtensions.AcceptWhiteSpace(System.Web.Razor.Parser.ParserContext,System.Boolean)"></member>
    <member name="M:System.Web.Razor.Parser.ParserContextExtensions.Expect(System.Web.Razor.Parser.ParserContext,System.Char)"></member>
    <member name="M:System.Web.Razor.Parser.ParserContextExtensions.Expect(System.Web.Razor.Parser.ParserContext,System.Char,System.Boolean)"></member>
    <member name="M:System.Web.Razor.Parser.ParserContextExtensions.Expect(System.Web.Razor.Parser.ParserContext,System.Char,System.Boolean,System.String)"></member>
    <member name="M:System.Web.Razor.Parser.ParserContextExtensions.Expect(System.Web.Razor.Parser.ParserContext,System.Char,System.Boolean,System.String,System.Boolean)"></member>
    <member name="M:System.Web.Razor.Parser.ParserContextExtensions.Expect(System.Web.Razor.Parser.ParserContext,System.Char,System.Boolean,System.String,System.Boolean,System.Nullable{System.Web.Razor.Text.SourceLocation})"></member>
    <member name="M:System.Web.Razor.Parser.ParserContextExtensions.Expect(System.Web.Razor.Parser.ParserContext,System.String)"></member>
    <member name="M:System.Web.Razor.Parser.ParserContextExtensions.Expect(System.Web.Razor.Parser.ParserContext,System.String,System.Boolean)"></member>
    <member name="M:System.Web.Razor.Parser.ParserContextExtensions.Expect(System.Web.Razor.Parser.ParserContext,System.String,System.Boolean,System.String)"></member>
    <member name="M:System.Web.Razor.Parser.ParserContextExtensions.Expect(System.Web.Razor.Parser.ParserContext,System.String,System.Boolean,System.String,System.Boolean)"></member>
    <member name="M:System.Web.Razor.Parser.ParserContextExtensions.Expect(System.Web.Razor.Parser.ParserContext,System.String,System.Boolean,System.String,System.Boolean,System.Nullable{System.Web.Razor.Text.SourceLocation})"></member>
    <member name="M:System.Web.Razor.Parser.ParserContextExtensions.ExpectIdentifier(System.Web.Razor.Parser.ParserContext,System.String)"></member>
    <member name="M:System.Web.Razor.Parser.ParserContextExtensions.ExpectIdentifier(System.Web.Razor.Parser.ParserContext,System.String,System.Boolean)"></member>
    <member name="M:System.Web.Razor.Parser.ParserContextExtensions.ExpectIdentifier(System.Web.Razor.Parser.ParserContext,System.String,System.Boolean,System.Nullable{System.Web.Razor.Text.SourceLocation})"></member>
    <member name="M:System.Web.Razor.Parser.ParserContextExtensions.Peek(System.Web.Razor.Parser.ParserContext,System.String,System.Boolean)"></member>
    <member name="M:System.Web.Razor.Parser.ParserContextExtensions.PeekAny(System.Web.Razor.Parser.ParserContext,System.Boolean,System.String[])"></member>
    <member name="M:System.Web.Razor.Parser.ParserContextExtensions.PeekAny(System.Web.Razor.Parser.ParserContext,System.String[])"></member>
    <member name="M:System.Web.Razor.Parser.ParserContextExtensions.ReadWhiteSpace(System.Web.Razor.Parser.ParserContext,System.Boolean)"></member>
    <member name="T:System.Web.Razor.Parser.ParserHelpers"></member>
    <member name="M:System.Web.Razor.Parser.ParserHelpers.IsCombining(System.Char)"></member>
    <member name="M:System.Web.Razor.Parser.ParserHelpers.IsConnecting(System.Char)"></member>
    <member name="M:System.Web.Razor.Parser.ParserHelpers.IsDecimalDigit(System.Char)"></member>
    <member name="M:System.Web.Razor.Parser.ParserHelpers.IsFormatting(System.Char)"></member>
    <member name="M:System.Web.Razor.Parser.ParserHelpers.IsHexDigit(System.Char)"></member>
    <member name="M:System.Web.Razor.Parser.ParserHelpers.IsIdentifier(System.String)"></member>
    <member name="M:System.Web.Razor.Parser.ParserHelpers.IsIdentifier(System.String,System.Boolean)"></member>
    <member name="M:System.Web.Razor.Parser.ParserHelpers.IsIdentifierPart(System.Char)"></member>
    <member name="M:System.Web.Razor.Parser.ParserHelpers.IsIdentifierStart(System.Char)"></member>
    <member name="M:System.Web.Razor.Parser.ParserHelpers.IsLetter(System.Char)"></member>
    <member name="M:System.Web.Razor.Parser.ParserHelpers.IsNewLine(System.Char)"></member>
    <member name="M:System.Web.Razor.Parser.ParserHelpers.IsNewLine(System.String)"></member>
    <member name="M:System.Web.Razor.Parser.ParserHelpers.IsTerminatingCharToken(System.Char)"></member>
    <member name="M:System.Web.Razor.Parser.ParserHelpers.IsTerminatingQuotedStringToken(System.Char)"></member>
    <member name="M:System.Web.Razor.Parser.ParserHelpers.SanitizeClassName(System.String)"></member>
    <member name="T:System.Web.Razor.Parser.ParserVisitor"></member>
    <member name="M:System.Web.Razor.Parser.ParserVisitor.#ctor"></member>
    <member name="P:System.Web.Razor.Parser.ParserVisitor.CancelToken"></member>
    <member name="M:System.Web.Razor.Parser.ParserVisitor.OnComplete"></member>
    <member name="M:System.Web.Razor.Parser.ParserVisitor.ThrowIfCanceled"></member>
    <member name="M:System.Web.Razor.Parser.ParserVisitor.VisitEndBlock(System.Web.Razor.Parser.SyntaxTree.BlockType)"></member>
    <member name="M:System.Web.Razor.Parser.ParserVisitor.VisitError(System.Web.Razor.Parser.SyntaxTree.RazorError)"></member>
    <member name="M:System.Web.Razor.Parser.ParserVisitor.VisitSpan(System.Web.Razor.Parser.SyntaxTree.Span)"></member>
    <member name="M:System.Web.Razor.Parser.ParserVisitor.VisitStartBlock(System.Web.Razor.Parser.SyntaxTree.BlockType)"></member>
    <member name="T:System.Web.Razor.Parser.RazorParser"></member>
    <member name="M:System.Web.Razor.Parser.RazorParser.#ctor(System.Web.Razor.Parser.ParserBase,System.Web.Razor.Parser.MarkupParser)"></member>
    <member name="M:System.Web.Razor.Parser.RazorParser.CreateParseTask(System.IO.TextReader,System.Action{System.Web.Razor.Parser.SyntaxTree.Span},System.Action{System.Web.Razor.Parser.SyntaxTree.RazorError})"></member>
    <member name="M:System.Web.Razor.Parser.RazorParser.CreateParseTask(System.IO.TextReader,System.Action{System.Web.Razor.Parser.SyntaxTree.Span},System.Action{System.Web.Razor.Parser.SyntaxTree.RazorError},System.Threading.CancellationToken)"></member>
    <member name="M:System.Web.Razor.Parser.RazorParser.CreateParseTask(System.IO.TextReader,System.Action{System.Web.Razor.Parser.SyntaxTree.Span},System.Action{System.Web.Razor.Parser.SyntaxTree.RazorError},System.Threading.SynchronizationContext)"></member>
    <member name="M:System.Web.Razor.Parser.RazorParser.CreateParseTask(System.IO.TextReader,System.Action{System.Web.Razor.Parser.SyntaxTree.Span},System.Action{System.Web.Razor.Parser.SyntaxTree.RazorError},System.Threading.SynchronizationContext,System.Threading.CancellationToken)"></member>
    <member name="M:System.Web.Razor.Parser.RazorParser.CreateParseTask(System.IO.TextReader,System.Web.Razor.Parser.ParserVisitor)"></member>
    <member name="P:System.Web.Razor.Parser.RazorParser.DesignTimeMode"></member>
    <member name="F:System.Web.Razor.Parser.RazorParser.EndCommentSequence"></member>
    <member name="M:System.Web.Razor.Parser.RazorParser.Parse(System.IO.TextReader)"></member>
    <member name="M:System.Web.Razor.Parser.RazorParser.Parse(System.IO.TextReader,System.Web.Razor.Parser.ParserVisitor)"></member>
    <member name="M:System.Web.Razor.Parser.RazorParser.Parse(System.Web.Razor.Text.LookaheadTextReader)"></member>
    <member name="M:System.Web.Razor.Parser.RazorParser.Parse(System.Web.Razor.Text.LookaheadTextReader,System.Web.Razor.Parser.ParserVisitor)"></member>
    <member name="F:System.Web.Razor.Parser.RazorParser.StartCommentSequence"></member>
    <member name="F:System.Web.Razor.Parser.RazorParser.TransitionCharacter"></member>
    <member name="F:System.Web.Razor.Parser.RazorParser.TransitionString"></member>
    <member name="T:System.Web.Razor.Parser.RecoveryModes"></member>
    <member name="F:System.Web.Razor.Parser.RecoveryModes.Markup">
      <summary />
    </member>
    <member name="F:System.Web.Razor.Parser.RecoveryModes.Code">
      <summary />
    </member>
    <member name="F:System.Web.Razor.Parser.RecoveryModes.Transition">
      <summary />
    </member>
    <member name="F:System.Web.Razor.Parser.RecoveryModes.Any">
      <summary />
    </member>
    <member name="T:System.Web.Razor.Parser.VBCodeParser"></member>
    <member name="M:System.Web.Razor.Parser.VBCodeParser.#ctor"></member>
    <member name="M:System.Web.Razor.Parser.VBCodeParser.AcceptGenericArgument"></member>
    <member name="M:System.Web.Razor.Parser.VBCodeParser.HandleReservedWord(System.Web.Razor.Parser.CodeBlockInfo)"></member>
    <member name="M:System.Web.Razor.Parser.VBCodeParser.HandleTransition(System.Web.Razor.Parser.SyntaxTree.SpanFactory)"></member>
    <member name="M:System.Web.Razor.Parser.VBCodeParser.IsAtExplicitTransition"></member>
    <member name="M:System.Web.Razor.Parser.VBCodeParser.IsAtImplicitTransition"></member>
    <member name="P:System.Web.Razor.Parser.VBCodeParser.KeywordHandlers"></member>
    <member name="M:System.Web.Razor.Parser.VBCodeParser.ParseBlock"></member>
    <member name="M:System.Web.Razor.Parser.VBCodeParser.ParseInheritsStatement(System.Web.Razor.Parser.CodeBlockInfo)"></member>
    <member name="P:System.Web.Razor.Parser.VBCodeParser.TopLevelKeywords"></member>
    <member name="M:System.Web.Razor.Parser.VBCodeParser.TryAcceptStringOrComment"></member>
    <member name="T:System.Web.Razor.Parser.SyntaxTree.AcceptedCharacters"></member>
    <member name="F:System.Web.Razor.Parser.SyntaxTree.AcceptedCharacters.None">
      <summary />
    </member>
    <member name="F:System.Web.Razor.Parser.SyntaxTree.AcceptedCharacters.NewLine">
      <summary />
    </member>
    <member name="F:System.Web.Razor.Parser.SyntaxTree.AcceptedCharacters.WhiteSpace">
      <summary />
    </member>
    <member name="F:System.Web.Razor.Parser.SyntaxTree.AcceptedCharacters.NonWhiteSpace">
      <summary />
    </member>
    <member name="F:System.Web.Razor.Parser.SyntaxTree.AcceptedCharacters.AllWhiteSpace">
      <summary />
    </member>
    <member name="F:System.Web.Razor.Parser.SyntaxTree.AcceptedCharacters.Any">
      <summary />
    </member>
    <member name="T:System.Web.Razor.Parser.SyntaxTree.Block"></member>
    <member name="M:System.Web.Razor.Parser.SyntaxTree.Block.#ctor(System.Web.Razor.Parser.SyntaxTree.BlockType,System.Collections.Generic.IEnumerable{System.Web.Razor.Parser.SyntaxTree.SyntaxTreeNode})"></member>
    <member name="M:System.Web.Razor.Parser.SyntaxTree.Block.#ctor(System.Web.Razor.Parser.SyntaxTree.BlockType,System.Collections.Generic.IEnumerable{System.Web.Razor.Parser.SyntaxTree.SyntaxTreeNode},System.String)"></member>
    <member name="M:System.Web.Razor.Parser.SyntaxTree.Block.Accept(System.Web.Razor.Parser.ParserVisitor)"></member>
    <member name="P:System.Web.Razor.Parser.SyntaxTree.Block.Children"></member>
    <member name="M:System.Web.Razor.Parser.SyntaxTree.Block.Equals(System.Object)"></member>
    <member name="M:System.Web.Razor.Parser.SyntaxTree.Block.FindFirstDescendentSpan"></member>
    <member name="M:System.Web.Razor.Parser.SyntaxTree.Block.FindLastDescendentSpan"></member>
    <member name="M:System.Web.Razor.Parser.SyntaxTree.Block.Flatten"></member>
    <member name="M:System.Web.Razor.Parser.SyntaxTree.Block.GetHashCode"></member>
    <member name="P:System.Web.Razor.Parser.SyntaxTree.Block.IsBlock"></member>
    <member name="P:System.Web.Razor.Parser.SyntaxTree.Block.Length"></member>
    <member name="M:System.Web.Razor.Parser.SyntaxTree.Block.LocateOwner(System.Web.Razor.Text.TextChange)"></member>
    <member name="P:System.Web.Razor.Parser.SyntaxTree.Block.Name"></member>
    <member name="P:System.Web.Razor.Parser.SyntaxTree.Block.Start"></member>
    <member name="M:System.Web.Razor.Parser.SyntaxTree.Block.ToString"></member>
    <member name="P:System.Web.Razor.Parser.SyntaxTree.Block.Type"></member>
    <member name="T:System.Web.Razor.Parser.SyntaxTree.BlockType"></member>
    <member name="F:System.Web.Razor.Parser.SyntaxTree.BlockType.Statement">
      <summary />
    </member>
    <member name="F:System.Web.Razor.Parser.SyntaxTree.BlockType.Directive">
      <summary />
    </member>
    <member name="F:System.Web.Razor.Parser.SyntaxTree.BlockType.Functions">
      <summary />
    </member>
    <member name="F:System.Web.Razor.Parser.SyntaxTree.BlockType.Expression">
      <summary />
    </member>
    <member name="F:System.Web.Razor.Parser.SyntaxTree.BlockType.Helper">
      <summary />
    </member>
    <member name="F:System.Web.Razor.Parser.SyntaxTree.BlockType.Markup">
      <summary />
    </member>
    <member name="F:System.Web.Razor.Parser.SyntaxTree.BlockType.Section">
      <summary />
    </member>
    <member name="F:System.Web.Razor.Parser.SyntaxTree.BlockType.Template">
      <summary />
    </member>
    <member name="F:System.Web.Razor.Parser.SyntaxTree.BlockType.Comment">
      <summary />
    </member>
    <member name="T:System.Web.Razor.Parser.SyntaxTree.CodeSpan"></member>
    <member name="M:System.Web.Razor.Parser.SyntaxTree.CodeSpan.#ctor(System.Web.Razor.Text.SourceLocation,System.String)"></member>
    <member name="M:System.Web.Razor.Parser.SyntaxTree.CodeSpan.#ctor(System.Web.Razor.Text.SourceLocation,System.String,System.Boolean)"></member>
    <member name="M:System.Web.Razor.Parser.SyntaxTree.CodeSpan.#ctor(System.Web.Razor.Text.SourceLocation,System.String,System.Boolean,System.Web.Razor.Parser.SyntaxTree.AcceptedCharacters)"></member>
    <member name="M:System.Web.Razor.Parser.SyntaxTree.CodeSpan.CanAcceptChange(System.Web.Razor.Text.TextChange)"></member>
    <member name="M:System.Web.Razor.Parser.SyntaxTree.CodeSpan.Create(System.Web.Razor.Parser.ParserContext)"></member>
    <member name="M:System.Web.Razor.Parser.SyntaxTree.CodeSpan.Create(System.Web.Razor.Parser.ParserContext,System.Boolean)"></member>
    <member name="M:System.Web.Razor.Parser.SyntaxTree.CodeSpan.Create(System.Web.Razor.Parser.ParserContext,System.Boolean,System.Web.Razor.Parser.SyntaxTree.AcceptedCharacters)"></member>
    <member name="M:System.Web.Razor.Parser.SyntaxTree.CodeSpan.Create(System.Web.Razor.Parser.ParserContext,System.String)"></member>
    <member name="M:System.Web.Razor.Parser.SyntaxTree.CodeSpan.ToString"></member>
    <member name="T:System.Web.Razor.Parser.SyntaxTree.CommentSpan"></member>
    <member name="M:System.Web.Razor.Parser.SyntaxTree.CommentSpan.#ctor(System.Web.Razor.Text.SourceLocation,System.String)"></member>
    <member name="M:System.Web.Razor.Parser.SyntaxTree.CommentSpan.#ctor(System.Web.Razor.Text.SourceLocation,System.String,System.Boolean)"></member>
    <member name="M:System.Web.Razor.Parser.SyntaxTree.CommentSpan.#ctor(System.Web.Razor.Text.SourceLocation,System.String,System.Boolean,System.Web.Razor.Parser.SyntaxTree.AcceptedCharacters)"></member>
    <member name="M:System.Web.Razor.Parser.SyntaxTree.CommentSpan.Create(System.Web.Razor.Parser.ParserContext)"></member>
    <member name="M:System.Web.Razor.Parser.SyntaxTree.CommentSpan.Create(System.Web.Razor.Parser.ParserContext,System.Boolean)"></member>
    <member name="M:System.Web.Razor.Parser.SyntaxTree.CommentSpan.Create(System.Web.Razor.Parser.ParserContext,System.Boolean,System.Web.Razor.Parser.SyntaxTree.AcceptedCharacters)"></member>
    <member name="T:System.Web.Razor.Parser.SyntaxTree.HelperFooterSpan"></member>
    <member name="M:System.Web.Razor.Parser.SyntaxTree.HelperFooterSpan.#ctor(System.Web.Razor.Text.SourceLocation,System.String)"></member>
    <member name="M:System.Web.Razor.Parser.SyntaxTree.HelperFooterSpan.Create(System.Web.Razor.Parser.ParserContext)"></member>
    <member name="M:System.Web.Razor.Parser.SyntaxTree.HelperFooterSpan.Create(System.Web.Razor.Parser.ParserContext,System.Web.Razor.Parser.SyntaxTree.AcceptedCharacters)"></member>
    <member name="M:System.Web.Razor.Parser.SyntaxTree.HelperFooterSpan.Equals(System.Object)"></member>
    <member name="M:System.Web.Razor.Parser.SyntaxTree.HelperFooterSpan.GetHashCode"></member>
    <member name="M:System.Web.Razor.Parser.SyntaxTree.HelperFooterSpan.ToString"></member>
    <member name="T:System.Web.Razor.Parser.SyntaxTree.HelperHeaderSpan"></member>
    <member name="M:System.Web.Razor.Parser.SyntaxTree.HelperHeaderSpan.#ctor(System.Web.Razor.Text.SourceLocation,System.String,System.Boolean)"></member>
    <member name="M:System.Web.Razor.Parser.SyntaxTree.HelperHeaderSpan.CanAcceptChange(System.Web.Razor.Text.TextChange)"></member>
    <member name="P:System.Web.Razor.Parser.SyntaxTree.HelperHeaderSpan.Complete"></member>
    <member name="M:System.Web.Razor.Parser.SyntaxTree.HelperHeaderSpan.Create(System.Web.Razor.Parser.ParserContext,System.Boolean)"></member>
    <member name="M:System.Web.Razor.Parser.SyntaxTree.HelperHeaderSpan.Create(System.Web.Razor.Parser.ParserContext,System.Boolean,System.Web.Razor.Parser.SyntaxTree.AcceptedCharacters)"></member>
    <member name="M:System.Web.Razor.Parser.SyntaxTree.HelperHeaderSpan.Equals(System.Object)"></member>
    <member name="M:System.Web.Razor.Parser.SyntaxTree.HelperHeaderSpan.GetHashCode"></member>
    <member name="M:System.Web.Razor.Parser.SyntaxTree.HelperHeaderSpan.ToString"></member>
    <member name="T:System.Web.Razor.Parser.SyntaxTree.ImplicitExpressionSpan"></member>
    <member name="M:System.Web.Razor.Parser.SyntaxTree.ImplicitExpressionSpan.#ctor(System.Web.Razor.Text.SourceLocation,System.String,System.Collections.Generic.ISet{System.String},System.Boolean)"></member>
    <member name="M:System.Web.Razor.Parser.SyntaxTree.ImplicitExpressionSpan.#ctor(System.Web.Razor.Text.SourceLocation,System.String,System.Collections.Generic.ISet{System.String},System.Boolean,System.Web.Razor.Parser.SyntaxTree.AcceptedCharacters)"></member>
    <member name="M:System.Web.Razor.Parser.SyntaxTree.ImplicitExpressionSpan.CanAcceptChange(System.Web.Razor.Text.TextChange)"></member>
    <member name="M:System.Web.Razor.Parser.SyntaxTree.ImplicitExpressionSpan.Create(System.Web.Razor.Parser.ParserContext,System.Collections.Generic.ISet{System.String},System.Boolean,System.Web.Razor.Parser.SyntaxTree.AcceptedCharacters)"></member>
    <member name="M:System.Web.Razor.Parser.SyntaxTree.ImplicitExpressionSpan.Equals(System.Object)"></member>
    <member name="M:System.Web.Razor.Parser.SyntaxTree.ImplicitExpressionSpan.GetHashCode"></member>
    <member name="M:System.Web.Razor.Parser.SyntaxTree.ImplicitExpressionSpan.ToString"></member>
    <member name="T:System.Web.Razor.Parser.SyntaxTree.InheritsSpan"></member>
    <member name="M:System.Web.Razor.Parser.SyntaxTree.InheritsSpan.#ctor(System.Web.Razor.Text.SourceLocation,System.String,System.String)"></member>
    <member name="P:System.Web.Razor.Parser.SyntaxTree.InheritsSpan.BaseClass"></member>
    <member name="M:System.Web.Razor.Parser.SyntaxTree.InheritsSpan.Create(System.Web.Razor.Parser.ParserContext,System.String)"></member>
    <member name="M:System.Web.Razor.Parser.SyntaxTree.InheritsSpan.Equals(System.Object)"></member>
    <member name="M:System.Web.Razor.Parser.SyntaxTree.InheritsSpan.GetHashCode"></member>
    <member name="M:System.Web.Razor.Parser.SyntaxTree.InheritsSpan.ToString"></member>
    <member name="T:System.Web.Razor.Parser.SyntaxTree.MarkupSpan"></member>
    <member name="M:System.Web.Razor.Parser.SyntaxTree.MarkupSpan.#ctor(System.Web.Razor.Text.SourceLocation,System.String)"></member>
    <member name="M:System.Web.Razor.Parser.SyntaxTree.MarkupSpan.#ctor(System.Web.Razor.Text.SourceLocation,System.String,System.Boolean)"></member>
    <member name="M:System.Web.Razor.Parser.SyntaxTree.MarkupSpan.#ctor(System.Web.Razor.Text.SourceLocation,System.String,System.Boolean,System.Web.Razor.Parser.SyntaxTree.AcceptedCharacters)"></member>
    <member name="M:System.Web.Razor.Parser.SyntaxTree.MarkupSpan.Create(System.Web.Razor.Parser.ParserContext)"></member>
    <member name="M:System.Web.Razor.Parser.SyntaxTree.MarkupSpan.Create(System.Web.Razor.Parser.ParserContext,System.Boolean)"></member>
    <member name="M:System.Web.Razor.Parser.SyntaxTree.MarkupSpan.Create(System.Web.Razor.Parser.ParserContext,System.Boolean,System.Web.Razor.Parser.SyntaxTree.AcceptedCharacters)"></member>
    <member name="P:System.Web.Razor.Parser.SyntaxTree.MarkupSpan.DocumentLevel"></member>
    <member name="M:System.Web.Razor.Parser.SyntaxTree.MarkupSpan.ToString"></member>
    <member name="T:System.Web.Razor.Parser.SyntaxTree.MetaCodeSpan"></member>
    <member name="M:System.Web.Razor.Parser.SyntaxTree.MetaCodeSpan.#ctor(System.Web.Razor.Text.SourceLocation,System.String)"></member>
    <member name="M:System.Web.Razor.Parser.SyntaxTree.MetaCodeSpan.#ctor(System.Web.Razor.Text.SourceLocation,System.String,System.Boolean)"></member>
    <member name="M:System.Web.Razor.Parser.SyntaxTree.MetaCodeSpan.#ctor(System.Web.Razor.Text.SourceLocation,System.String,System.Boolean,System.Web.Razor.Parser.SyntaxTree.AcceptedCharacters)"></member>
    <member name="M:System.Web.Razor.Parser.SyntaxTree.MetaCodeSpan.Create(System.Web.Razor.Parser.ParserContext)"></member>
    <member name="M:System.Web.Razor.Parser.SyntaxTree.MetaCodeSpan.Create(System.Web.Razor.Parser.ParserContext,System.Boolean)"></member>
    <member name="M:System.Web.Razor.Parser.SyntaxTree.MetaCodeSpan.Create(System.Web.Razor.Parser.ParserContext,System.Boolean,System.Web.Razor.Parser.SyntaxTree.AcceptedCharacters)"></member>
    <member name="T:System.Web.Razor.Parser.SyntaxTree.NamespaceImportSpan"></member>
    <member name="M:System.Web.Razor.Parser.SyntaxTree.NamespaceImportSpan.#ctor(System.Web.Razor.Parser.SyntaxTree.SpanKind,System.Web.Razor.Text.SourceLocation,System.String,System.Web.Razor.Parser.SyntaxTree.AcceptedCharacters,System.String,System.Int32)"></member>
    <member name="M:System.Web.Razor.Parser.SyntaxTree.NamespaceImportSpan.Create(System.Web.Razor.Parser.ParserContext,System.Web.Razor.Parser.SyntaxTree.AcceptedCharacters,System.Web.Razor.Parser.SyntaxTree.SpanKind,System.String,System.Int32)"></member>
    <member name="M:System.Web.Razor.Parser.SyntaxTree.NamespaceImportSpan.Equals(System.Object)"></member>
    <member name="M:System.Web.Razor.Parser.SyntaxTree.NamespaceImportSpan.GetHashCode"></member>
    <member name="P:System.Web.Razor.Parser.SyntaxTree.NamespaceImportSpan.Namespace"></member>
    <member name="P:System.Web.Razor.Parser.SyntaxTree.NamespaceImportSpan.NamespaceKeywordLength"></member>
    <member name="M:System.Web.Razor.Parser.SyntaxTree.NamespaceImportSpan.ToString"></member>
    <member name="T:System.Web.Razor.Parser.SyntaxTree.RazorError"></member>
    <member name="M:System.Web.Razor.Parser.SyntaxTree.RazorError.#ctor(System.String,System.Web.Razor.Text.SourceLocation)"></member>
    <member name="M:System.Web.Razor.Parser.SyntaxTree.RazorError.#ctor(System.String,System.Web.Razor.Text.SourceLocation,System.Int32)"></member>
    <member name="M:System.Web.Razor.Parser.SyntaxTree.RazorError.Equals(System.Object)"></member>
    <member name="M:System.Web.Razor.Parser.SyntaxTree.RazorError.Equals(System.Web.Razor.Parser.SyntaxTree.RazorError)"></member>
    <member name="M:System.Web.Razor.Parser.SyntaxTree.RazorError.GetHashCode"></member>
    <member name="P:System.Web.Razor.Parser.SyntaxTree.RazorError.Length"></member>
    <member name="P:System.Web.Razor.Parser.SyntaxTree.RazorError.Location"></member>
    <member name="P:System.Web.Razor.Parser.SyntaxTree.RazorError.Message"></member>
    <member name="M:System.Web.Razor.Parser.SyntaxTree.RazorError.ToString"></member>
    <member name="T:System.Web.Razor.Parser.SyntaxTree.SectionHeaderSpan"></member>
    <member name="M:System.Web.Razor.Parser.SyntaxTree.SectionHeaderSpan.#ctor(System.Web.Razor.Text.SourceLocation,System.String,System.String,System.Web.Razor.Parser.SyntaxTree.AcceptedCharacters)"></member>
    <member name="M:System.Web.Razor.Parser.SyntaxTree.SectionHeaderSpan.CanAcceptChange(System.Web.Razor.Text.TextChange)"></member>
    <member name="M:System.Web.Razor.Parser.SyntaxTree.SectionHeaderSpan.Create(System.Web.Razor.Parser.ParserContext,System.String,System.Web.Razor.Parser.SyntaxTree.AcceptedCharacters)"></member>
    <member name="M:System.Web.Razor.Parser.SyntaxTree.SectionHeaderSpan.Equals(System.Object)"></member>
    <member name="M:System.Web.Razor.Parser.SyntaxTree.SectionHeaderSpan.GetHashCode"></member>
    <member name="P:System.Web.Razor.Parser.SyntaxTree.SectionHeaderSpan.SectionName"></member>
    <member name="M:System.Web.Razor.Parser.SyntaxTree.SectionHeaderSpan.ToString"></member>
    <member name="T:System.Web.Razor.Parser.SyntaxTree.SingleLineMarkupSpan"></member>
    <member name="M:System.Web.Razor.Parser.SyntaxTree.SingleLineMarkupSpan.#ctor(System.Web.Razor.Text.SourceLocation,System.String)"></member>
    <member name="M:System.Web.Razor.Parser.SyntaxTree.SingleLineMarkupSpan.#ctor(System.Web.Razor.Text.SourceLocation,System.String,System.Boolean,System.Web.Razor.Parser.SyntaxTree.AcceptedCharacters)"></member>
    <member name="M:System.Web.Razor.Parser.SyntaxTree.SingleLineMarkupSpan.Create(System.Web.Razor.Parser.ParserContext)"></member>
    <member name="M:System.Web.Razor.Parser.SyntaxTree.SingleLineMarkupSpan.Equals(System.Object)"></member>
    <member name="M:System.Web.Razor.Parser.SyntaxTree.SingleLineMarkupSpan.GetHashCode"></member>
    <member name="T:System.Web.Razor.Parser.SyntaxTree.Span"></member>
    <member name="M:System.Web.Razor.Parser.SyntaxTree.Span.#ctor(System.Web.Razor.Parser.ParserContext,System.Web.Razor.Parser.SyntaxTree.SpanKind)"></member>
    <member name="M:System.Web.Razor.Parser.SyntaxTree.Span.#ctor(System.Web.Razor.Parser.ParserContext,System.Web.Razor.Parser.SyntaxTree.SpanKind,System.Boolean)"></member>
    <member name="M:System.Web.Razor.Parser.SyntaxTree.Span.#ctor(System.Web.Razor.Parser.ParserContext,System.Web.Razor.Parser.SyntaxTree.SpanKind,System.Boolean,System.Web.Razor.Parser.SyntaxTree.AcceptedCharacters)"></member>
    <member name="M:System.Web.Razor.Parser.SyntaxTree.Span.#ctor(System.Web.Razor.Parser.SyntaxTree.SpanKind,System.Web.Razor.Text.SourceLocation,System.String)"></member>
    <member name="M:System.Web.Razor.Parser.SyntaxTree.Span.#ctor(System.Web.Razor.Parser.SyntaxTree.SpanKind,System.Web.Razor.Text.SourceLocation,System.String,System.Boolean)"></member>
    <member name="M:System.Web.Razor.Parser.SyntaxTree.Span.#ctor(System.Web.Razor.Parser.SyntaxTree.SpanKind,System.Web.Razor.Text.SourceLocation,System.String,System.Boolean,System.Web.Razor.Parser.SyntaxTree.AcceptedCharacters)"></member>
    <member name="M:System.Web.Razor.Parser.SyntaxTree.Span.Accept(System.Web.Razor.Parser.ParserVisitor)"></member>
    <member name="P:System.Web.Razor.Parser.SyntaxTree.Span.AcceptedCharacters"></member>
    <member name="M:System.Web.Razor.Parser.SyntaxTree.Span.ApplyChange(System.Web.Razor.Text.TextChange)"></member>
    <member name="M:System.Web.Razor.Parser.SyntaxTree.Span.ApplyChange(System.Web.Razor.Text.TextChange,System.Boolean)"></member>
    <member name="P:System.Web.Razor.Parser.SyntaxTree.Span.AutoCompleteString"></member>
    <member name="M:System.Web.Razor.Parser.SyntaxTree.Span.CanAcceptChange(System.Web.Razor.Text.TextChange)"></member>
    <member name="P:System.Web.Razor.Parser.SyntaxTree.Span.Content"></member>
    <member name="M:System.Web.Razor.Parser.SyntaxTree.Span.Equals(System.Object)"></member>
    <member name="M:System.Web.Razor.Parser.SyntaxTree.Span.GetHashCode"></member>
    <member name="M:System.Web.Razor.Parser.SyntaxTree.Span.GetOldText(System.Web.Razor.Text.TextChange)"></member>
    <member name="M:System.Web.Razor.Parser.SyntaxTree.Span.GetSpanTypeName"></member>
    <member name="P:System.Web.Razor.Parser.SyntaxTree.Span.Hidden"></member>
    <member name="M:System.Web.Razor.Parser.SyntaxTree.Span.IsAtEndOfFirstLine(System.Web.Razor.Text.TextChange)"></member>
    <member name="M:System.Web.Razor.Parser.SyntaxTree.Span.IsAtEndOfSpan(System.Web.Razor.Text.TextChange)"></member>
    <member name="P:System.Web.Razor.Parser.SyntaxTree.Span.IsBlock"></member>
    <member name="M:System.Web.Razor.Parser.SyntaxTree.Span.IsEndDeletion(System.Web.Razor.Text.TextChange)"></member>
    <member name="M:System.Web.Razor.Parser.SyntaxTree.Span.IsEndInsertion(System.Web.Razor.Text.TextChange)"></member>
    <member name="M:System.Web.Razor.Parser.SyntaxTree.Span.IsEndReplace(System.Web.Razor.Text.TextChange)"></member>
    <member name="P:System.Web.Razor.Parser.SyntaxTree.Span.Kind"></member>
    <member name="P:System.Web.Razor.Parser.SyntaxTree.Span.Length"></member>
    <member name="P:System.Web.Razor.Parser.SyntaxTree.Span.Next"></member>
    <member name="P:System.Web.Razor.Parser.SyntaxTree.Span.Offset"></member>
    <member name="M:System.Web.Razor.Parser.SyntaxTree.Span.OwnsChange(System.Web.Razor.Text.TextChange)"></member>
    <member name="P:System.Web.Razor.Parser.SyntaxTree.Span.Previous"></member>
    <member name="P:System.Web.Razor.Parser.SyntaxTree.Span.Start"></member>
    <member name="M:System.Web.Razor.Parser.SyntaxTree.Span.ToString"></member>
    <member name="M:System.Web.Razor.Parser.SyntaxTree.Span.TryMergeWith(System.Web.Razor.Parser.SyntaxTree.Span)"></member>
    <member name="T:System.Web.Razor.Parser.SyntaxTree.SpanFactory"></member>
    <member name="T:System.Web.Razor.Parser.SyntaxTree.SpanKind"></member>
    <member name="F:System.Web.Razor.Parser.SyntaxTree.SpanKind.Transition">
      <summary />
    </member>
    <member name="F:System.Web.Razor.Parser.SyntaxTree.SpanKind.MetaCode">
      <summary />
    </member>
    <member name="F:System.Web.Razor.Parser.SyntaxTree.SpanKind.Comment">
      <summary />
    </member>
    <member name="F:System.Web.Razor.Parser.SyntaxTree.SpanKind.Code">
      <summary />
    </member>
    <member name="F:System.Web.Razor.Parser.SyntaxTree.SpanKind.Markup">
      <summary />
    </member>
    <member name="T:System.Web.Razor.Parser.SyntaxTree.SyntaxTreeBuilderVisitor"></member>
    <member name="M:System.Web.Razor.Parser.SyntaxTree.SyntaxTreeBuilderVisitor.#ctor"></member>
    <member name="M:System.Web.Razor.Parser.SyntaxTree.SyntaxTreeBuilderVisitor.OnComplete"></member>
    <member name="P:System.Web.Razor.Parser.SyntaxTree.SyntaxTreeBuilderVisitor.Results"></member>
    <member name="M:System.Web.Razor.Parser.SyntaxTree.SyntaxTreeBuilderVisitor.VisitEndBlock(System.Web.Razor.Parser.SyntaxTree.BlockType)"></member>
    <member name="M:System.Web.Razor.Parser.SyntaxTree.SyntaxTreeBuilderVisitor.VisitError(System.Web.Razor.Parser.SyntaxTree.RazorError)"></member>
    <member name="M:System.Web.Razor.Parser.SyntaxTree.SyntaxTreeBuilderVisitor.VisitSpan(System.Web.Razor.Parser.SyntaxTree.Span)"></member>
    <member name="M:System.Web.Razor.Parser.SyntaxTree.SyntaxTreeBuilderVisitor.VisitStartBlock(System.Web.Razor.Parser.SyntaxTree.BlockType)"></member>
    <member name="T:System.Web.Razor.Parser.SyntaxTree.SyntaxTreeNode"></member>
    <member name="M:System.Web.Razor.Parser.SyntaxTree.SyntaxTreeNode.#ctor"></member>
    <member name="M:System.Web.Razor.Parser.SyntaxTree.SyntaxTreeNode.Accept(System.Web.Razor.Parser.ParserVisitor)"></member>
    <member name="P:System.Web.Razor.Parser.SyntaxTree.SyntaxTreeNode.IsBlock"></member>
    <member name="P:System.Web.Razor.Parser.SyntaxTree.SyntaxTreeNode.Length"></member>
    <member name="P:System.Web.Razor.Parser.SyntaxTree.SyntaxTreeNode.Parent"></member>
    <member name="P:System.Web.Razor.Parser.SyntaxTree.SyntaxTreeNode.Start"></member>
    <member name="T:System.Web.Razor.Parser.SyntaxTree.TransitionSpan"></member>
    <member name="M:System.Web.Razor.Parser.SyntaxTree.TransitionSpan.#ctor(System.Web.Razor.Text.SourceLocation,System.String)"></member>
    <member name="M:System.Web.Razor.Parser.SyntaxTree.TransitionSpan.#ctor(System.Web.Razor.Text.SourceLocation,System.String,System.Boolean)"></member>
    <member name="M:System.Web.Razor.Parser.SyntaxTree.TransitionSpan.#ctor(System.Web.Razor.Text.SourceLocation,System.String,System.Boolean,System.Web.Razor.Parser.SyntaxTree.AcceptedCharacters)"></member>
    <member name="M:System.Web.Razor.Parser.SyntaxTree.TransitionSpan.Create(System.Web.Razor.Parser.ParserContext)"></member>
    <member name="M:System.Web.Razor.Parser.SyntaxTree.TransitionSpan.Create(System.Web.Razor.Parser.ParserContext,System.Boolean)"></member>
    <member name="M:System.Web.Razor.Parser.SyntaxTree.TransitionSpan.Create(System.Web.Razor.Parser.ParserContext,System.Boolean,System.Web.Razor.Parser.SyntaxTree.AcceptedCharacters)"></member>
    <member name="T:System.Web.Razor.Parser.SyntaxTree.VBOptionSpan"></member>
    <member name="M:System.Web.Razor.Parser.SyntaxTree.VBOptionSpan.#ctor(System.Web.Razor.Text.SourceLocation,System.String,System.String,System.Boolean)"></member>
    <member name="M:System.Web.Razor.Parser.SyntaxTree.VBOptionSpan.Create(System.Web.Razor.Parser.ParserContext,System.String,System.Boolean)"></member>
    <member name="M:System.Web.Razor.Parser.SyntaxTree.VBOptionSpan.Equals(System.Object)"></member>
    <member name="M:System.Web.Razor.Parser.SyntaxTree.VBOptionSpan.GetHashCode"></member>
    <member name="P:System.Web.Razor.Parser.SyntaxTree.VBOptionSpan.OptionName"></member>
    <member name="M:System.Web.Razor.Parser.SyntaxTree.VBOptionSpan.ToString"></member>
    <member name="P:System.Web.Razor.Parser.SyntaxTree.VBOptionSpan.Value"></member>
    <member name="T:System.Web.Razor.Text.BufferingTextReader"></member>
    <member name="M:System.Web.Razor.Text.BufferingTextReader.#ctor(System.IO.TextReader)"></member>
    <member name="M:System.Web.Razor.Text.BufferingTextReader.BeginLookahead"></member>
    <member name="M:System.Web.Razor.Text.BufferingTextReader.CancelBacktrack"></member>
    <member name="P:System.Web.Razor.Text.BufferingTextReader.CurrentCharacter"></member>
    <member name="P:System.Web.Razor.Text.BufferingTextReader.CurrentLocation"></member>
    <member name="M:System.Web.Razor.Text.BufferingTextReader.Dispose(System.Boolean)"></member>
    <member name="M:System.Web.Razor.Text.BufferingTextReader.ExpandBuffer"></member>
    <member name="M:System.Web.Razor.Text.BufferingTextReader.NextCharacter"></member>
    <member name="M:System.Web.Razor.Text.BufferingTextReader.Peek"></member>
    <member name="M:System.Web.Razor.Text.BufferingTextReader.Read"></member>
    <member name="T:System.Web.Razor.Text.ITextBuffer"></member>
    <member name="P:System.Web.Razor.Text.ITextBuffer.Length"></member>
    <member name="M:System.Web.Razor.Text.ITextBuffer.Peek"></member>
    <member name="P:System.Web.Razor.Text.ITextBuffer.Position"></member>
    <member name="M:System.Web.Razor.Text.ITextBuffer.Read"></member>
    <member name="T:System.Web.Razor.Text.LookaheadTextReader"></member>
    <member name="M:System.Web.Razor.Text.LookaheadTextReader.#ctor"></member>
    <member name="M:System.Web.Razor.Text.LookaheadTextReader.BeginLookahead"></member>
    <member name="M:System.Web.Razor.Text.LookaheadTextReader.CancelBacktrack"></member>
    <member name="P:System.Web.Razor.Text.LookaheadTextReader.CurrentLocation"></member>
    <member name="T:System.Web.Razor.Text.SourceLocation"></member>
    <member name="M:System.Web.Razor.Text.SourceLocation.#ctor(System.Int32,System.Int32,System.Int32)"></member>
    <member name="P:System.Web.Razor.Text.SourceLocation.AbsoluteIndex"></member>
    <member name="P:System.Web.Razor.Text.SourceLocation.CharacterIndex"></member>
    <member name="M:System.Web.Razor.Text.SourceLocation.CompareTo(System.Web.Razor.Text.SourceLocation)"></member>
    <member name="M:System.Web.Razor.Text.SourceLocation.Equals(System.Object)"></member>
    <member name="M:System.Web.Razor.Text.SourceLocation.Equals(System.Web.Razor.Text.SourceLocation)"></member>
    <member name="M:System.Web.Razor.Text.SourceLocation.GetHashCode"></member>
    <member name="P:System.Web.Razor.Text.SourceLocation.LineIndex"></member>
    <member name="M:System.Web.Razor.Text.SourceLocation.op_Equality(System.Web.Razor.Text.SourceLocation,System.Web.Razor.Text.SourceLocation)"></member>
    <member name="M:System.Web.Razor.Text.SourceLocation.op_GreaterThan(System.Web.Razor.Text.SourceLocation,System.Web.Razor.Text.SourceLocation)"></member>
    <member name="M:System.Web.Razor.Text.SourceLocation.op_Inequality(System.Web.Razor.Text.SourceLocation,System.Web.Razor.Text.SourceLocation)"></member>
    <member name="M:System.Web.Razor.Text.SourceLocation.op_LessThan(System.Web.Razor.Text.SourceLocation,System.Web.Razor.Text.SourceLocation)"></member>
    <member name="M:System.Web.Razor.Text.SourceLocation.ToString"></member>
    <member name="F:System.Web.Razor.Text.SourceLocation.Zero"></member>
    <member name="T:System.Web.Razor.Text.SourceLocationTracker"></member>
    <member name="M:System.Web.Razor.Text.SourceLocationTracker.#ctor"></member>
    <member name="M:System.Web.Razor.Text.SourceLocationTracker.#ctor(System.Web.Razor.Text.SourceLocation)"></member>
    <member name="P:System.Web.Razor.Text.SourceLocationTracker.CurrentLocation"></member>
    <member name="M:System.Web.Razor.Text.SourceLocationTracker.UpdateLocation(System.Char,System.Func`1)"></member>
    <member name="M:System.Web.Razor.Text.SourceLocationTracker.UpdateLocation(System.String)"></member>
    <member name="T:System.Web.Razor.Text.TextBufferReader"></member>
    <member name="M:System.Web.Razor.Text.TextBufferReader.#ctor(System.Web.Razor.Text.ITextBuffer)"></member>
    <member name="M:System.Web.Razor.Text.TextBufferReader.BeginLookahead"></member>
    <member name="M:System.Web.Razor.Text.TextBufferReader.CancelBacktrack"></member>
    <member name="P:System.Web.Razor.Text.TextBufferReader.CurrentLocation"></member>
    <member name="M:System.Web.Razor.Text.TextBufferReader.Dispose(System.Boolean)"></member>
    <member name="M:System.Web.Razor.Text.TextBufferReader.Peek"></member>
    <member name="M:System.Web.Razor.Text.TextBufferReader.Read"></member>
    <member name="T:System.Web.Razor.Text.TextChange"></member>
    <member name="M:System.Web.Razor.Text.TextChange.#ctor(System.Int32,System.Int32,System.Web.Razor.Text.ITextBuffer,System.Int32,System.Int32,System.Web.Razor.Text.ITextBuffer)"></member>
    <member name="M:System.Web.Razor.Text.TextChange.ApplyChange(System.String,System.Int32)"></member>
    <member name="M:System.Web.Razor.Text.TextChange.ApplyChange(System.Web.Razor.Parser.SyntaxTree.Span)"></member>
    <member name="M:System.Web.Razor.Text.TextChange.Equals(System.Object)"></member>
    <member name="M:System.Web.Razor.Text.TextChange.GetHashCode"></member>
    <member name="P:System.Web.Razor.Text.TextChange.IsDelete"></member>
    <member name="P:System.Web.Razor.Text.TextChange.IsInsert"></member>
    <member name="P:System.Web.Razor.Text.TextChange.IsReplace"></member>
    <member name="P:System.Web.Razor.Text.TextChange.NewBuffer"></member>
    <member name="P:System.Web.Razor.Text.TextChange.NewLength"></member>
    <member name="P:System.Web.Razor.Text.TextChange.NewPosition"></member>
    <member name="P:System.Web.Razor.Text.TextChange.NewText"></member>
    <member name="M:System.Web.Razor.Text.TextChange.Normalize"></member>
    <member name="P:System.Web.Razor.Text.TextChange.OldBuffer"></member>
    <member name="P:System.Web.Razor.Text.TextChange.OldLength"></member>
    <member name="P:System.Web.Razor.Text.TextChange.OldPosition"></member>
    <member name="P:System.Web.Razor.Text.TextChange.OldText"></member>
    <member name="M:System.Web.Razor.Text.TextChange.op_Equality(System.Web.Razor.Text.TextChange,System.Web.Razor.Text.TextChange)"></member>
    <member name="M:System.Web.Razor.Text.TextChange.op_Inequality(System.Web.Razor.Text.TextChange,System.Web.Razor.Text.TextChange)"></member>
    <member name="M:System.Web.Razor.Text.TextChange.ToString"></member>
    <member name="T:System.Web.Razor.Text.TextChangeType"></member>
    <member name="F:System.Web.Razor.Text.TextChangeType.Insert">
      <summary />
    </member>
    <member name="F:System.Web.Razor.Text.TextChangeType.Remove">
      <summary />
    </member>
  </members>
</doc>